denominacion,fecha_solicitud,clase,estado_tmview,acta,solicitante_tmview,evidencia,url_consulta
UNIVERSO,28/12/2011,35,Registrada,3137031,"BASGALL, DANIEL ALBERTO 100,00%",tmview-universo-ar-35-p1-2026-09-21.json,https://www.tmdn.org/tmview/#/tmview/results?page=1&pageSize=30&criteria=C&offices=AR&territories=AR&basicSearch=universo&fNiceClass=35
UNIVERSO,26/03/2020,35,Finalizada,3883979,"DANIEL A. BASGALL S.R.L. 100,00%",tmview-universo-ar-35-p1-2026-09-21.json,https://www.tmdn.org/tmview/#/tmview/results?page=1&pageSize=30&criteria=C&offices=AR&territories=AR&basicSearch=universo&fNiceClass=35
UNIVERSO,12/08/2025,35,Solicitada,4555870,"DANIEL A. BASGALL S.R.L. 100,00%",tmview-universo-ar-35-p1-2026-09-21.json,https://www.tmdn.org/tmview/#/tmview/results?page=1&pageSize=30&criteria=C&offices=AR&territories=AR&basicSearch=universo&fNiceClass=35
UNIVERSO,27/04/1994,35,Finalizada,1917739,"ARGOS S.A. 100,00%",tmview-universo-ar-35-p1-2026-09-21.json,https://www.tmdn.org/tmview/#/tmview/results?page=1&pageSize=30&criteria=C&offices=AR&territories=AR&basicSearch=universo&fNiceClass=35
UNIVERSO,22/04/1996,35,Finalizada,2030550,"ARGOS S.A. 100,00%",tmview-universo-ar-35-p1-2026-09-21.json,https://www.tmdn.org/tmview/#/tmview/results?page=1&pageSize=30&criteria=C&offices=AR&territories=AR&basicSearch=universo&fNiceClass=35
UNIVERSO,02/11/2023,35,Registrada,4301270,"DANIEL A. BASGALL S.R.L. 100,00%",tmview-universo-ar-35-p1-2026-09-21.json,https://www.tmdn.org/tmview/#/tmview/results?page=1&pageSize=30&criteria=C&offices=AR&territories=AR&basicSearch=universo&fNiceClass=35
UNIVERSO PRO,15/05/2026,35,Registrada,4712759,"BUYANOVSKY ADRIANA MABEL 100,00%",tmview-universo-ar-35-p1-2026-09-21.json,https://www.tmdn.org/tmview/#/tmview/results?page=1&pageSize=30&criteria=C&offices=AR&territories=AR&basicSearch=universo&fNiceClass=35
UNIVERSO NET,15/08/2018,35,Registrada,3733910,"UNIVERSO NET S.A. 100,00%",tmview-universo-ar-35-p1-2026-09-21.json,https://www.tmdn.org/tmview/#/tmview/results?page=1&pageSize=30&criteria=C&offices=AR&territories=AR&basicSearch=universo&fNiceClass=35
UNIVERSO XXI,25/01/2001,35,Finalizada,2325171,"RODRIGUEZ, ALICIA CRISTINA 100,00%",tmview-universo-ar-35-p1-2026-09-21.json,https://www.tmdn.org/tmview/#/tmview/results?page=1&pageSize=30&criteria=C&offices=AR&territories=AR&basicSearch=universo&fNiceClass=35
UNIVERSO SUR,09/03/2012,35,Registrada,3150124,"PEREZ, MARCELO FABIAN 100,00%",tmview-universo-ar-35-p1-2026-09-21.json,https://www.tmdn.org/tmview/#/tmview/results?page=1&pageSize=30&criteria=C&offices=AR&territories=AR&basicSearch=universo&fNiceClass=35
UNIVERSO MIX,29/07/2026,35,Solicitada,4756639,"MONTICELLI GRASSO MARIA AGOSTINA 100,00%",tmview-universo-ar-35-p1-2026-09-21.json,https://www.tmdn.org/tmview/#/tmview/results?page=1&pageSize=30&criteria=C&offices=AR&territories=AR&basicSearch=universo&fNiceClass=35
UNIVERSO SAT,18/12/1992,35,Vencida,1865894,"IMAGEN SATELITAL S.A. 100,00%",tmview-universo-ar-35-p1-2026-09-21.json,https://www.tmdn.org/tmview/#/tmview/results?page=1&pageSize=30&criteria=C&offices=AR&territories=AR&basicSearch=universo&fNiceClass=35
UNIVERSO ZERO,27/08/2009,35,Registrada,2940067,"COOPERATIVA DE CRÉDITO, CONSUMO, VIVIENDA Y SERVICIOS SOCIALES FINARG LTDA. 100,00%",tmview-universo-ar-35-p1-2026-09-21.json,https://www.tmdn.org/tmview/#/tmview/results?page=1&pageSize=30&criteria=C&offices=AR&territories=AR&basicSearch=universo&fNiceClass=35
UNIVERSO VIVO,16/12/2020,35,Registrada,3967993,"CASIRAGHI, FLORENCIA 100,00%",tmview-universo-ar-35-p1-2026-09-21.json,https://www.tmdn.org/tmview/#/tmview/results?page=1&pageSize=30&criteria=C&offices=AR&territories=AR&basicSearch=universo&fNiceClass=35
UNIVERSO VINO,04/01/2013,35,Registrada,3220536,"MINISTERIO DE TURISMO Y CULTURA-GOBIERNO DE SAN JUAN 100,00%",tmview-universo-ar-35-p1-2026-09-21.json,https://www.tmdn.org/tmview/#/tmview/results?page=1&pageSize=30&criteria=C&offices=AR&territories=AR&basicSearch=universo&fNiceClass=35
UNIVERSO VINO,29/06/2012,35,Finalizada,3174678,"MINISTERIO DE TURISMO Y CULTURA-GOBIERNO DE SAN JUAN 100,00%",tmview-universo-ar-35-p1-2026-09-21.json,https://www.tmdn.org/tmview/#/tmview/results?page=1&pageSize=30&criteria=C&offices=AR&territories=AR&basicSearch=universo&fNiceClass=35
UNIVERSO SECO,26/05/2025,35,Registrada,4514119,"MUÑIZ, RODRIGO ALDO 50,00%, MUÑIZ, ALVARO MANUEL 50,00%",tmview-universo-ar-35-p1-2026-09-21.json,https://www.tmdn.org/tmview/#/tmview/results?page=1&pageSize=30&criteria=C&offices=AR&territories=AR&basicSearch=universo&fNiceClass=35
UNIVERSO PYME,03/12/1999,35,Vencida,2255699,"SANTAMARINA, RAUL ALBERTO JESUS 100,00%",tmview-universo-ar-35-p1-2026-09-21.json,https://www.tmdn.org/tmview/#/tmview/results?page=1&pageSize=30&criteria=C&offices=AR&territories=AR&basicSearch=universo&fNiceClass=35
UNIVERSO MOTO,22/12/2017,35,Finalizada,3672013,"MERLO PETRONA 100,00%",tmview-universo-ar-35-p1-2026-09-21.json,https://www.tmdn.org/tmview/#/tmview/results?page=1&pageSize=30&criteria=C&offices=AR&territories=AR&basicSearch=universo&fNiceClass=35
UNIVERSO AURA,26/07/2023,35,Registrada,4268643,"BREST, AILEN EMILCE 100,00%",tmview-universo-ar-35-p1-2026-09-21.json,https://www.tmdn.org/tmview/#/tmview/results?page=1&pageSize=30&criteria=C&offices=AR&territories=AR&basicSearch=universo&fNiceClass=35
UNIVERSO HOME,28/07/2026,35,Solicitada,4756323,"MARIANA SUSANA TETTAMANZI 100,00%",tmview-universo-ar-35-p1-2026-09-21.json,https://www.tmdn.org/tmview/#/tmview/results?page=1&pageSize=30&criteria=C&offices=AR&territories=AR&basicSearch=universo&fNiceClass=35
UNIVERSO MOTO,18/12/2017,35,Finalizada,3670202,"MERLO PETRONA 100,00%",tmview-universo-ar-35-p1-2026-09-21.json,https://www.tmdn.org/tmview/#/tmview/results?page=1&pageSize=30&criteria=C&offices=AR&territories=AR&basicSearch=universo&fNiceClass=35
UNIVERSO MOTO,12/01/2018,35,Finalizada,3676620,"MERLO PETRONA 100,00%",tmview-universo-ar-35-p1-2026-09-21.json,https://www.tmdn.org/tmview/#/tmview/results?page=1&pageSize=30&criteria=C&offices=AR&territories=AR&basicSearch=universo&fNiceClass=35
UNIVERSO CAFÉ,14/05/2025,35,Registrada,4507620,"MUNDO CAFÉ S.R.L. 100,00%",tmview-universo-ar-35-p1-2026-09-21.json,https://www.tmdn.org/tmview/#/tmview/results?page=1&pageSize=30&criteria=C&offices=AR&territories=AR&basicSearch=universo&fNiceClass=35
UNIVERSO COTO,17/02/2020,35,Registrada,3874471,"COTO C.I.C.S.A. 100,00%",tmview-universo-ar-35-p1-2026-09-21.json,https://www.tmdn.org/tmview/#/tmview/results?page=1&pageSize=30&criteria=C&offices=AR&territories=AR&basicSearch=universo&fNiceClass=35
UNIVERSO PILI,03/09/2012,35,Registrada,3188659,"CURUCHAGA, PILAR 100,00%",tmview-universo-ar-35-p1-2026-09-21.json,https://www.tmdn.org/tmview/#/tmview/results?page=1&pageSize=30&criteria=C&offices=AR&territories=AR&basicSearch=universo&fNiceClass=35
UNIVERSO CATA,27/07/2020,35,Finalizada,3918033,"SABATINO ARIAS JUAN MANUEL 50,00%, LANCELLOTTA PABLO MARIO 50,00%",tmview-universo-ar-35-p1-2026-09-21.json,https://www.tmdn.org/tmview/#/tmview/results?page=1&pageSize=30&criteria=C&offices=AR&territories=AR&basicSearch=universo&fNiceClass=35
UNIVERSO YOGA,12/05/2021,35,Registrada,4011807,"SZULZ, MARIA CRISTINA 100,00%",tmview-universo-ar-35-p1-2026-09-21.json,https://www.tmdn.org/tmview/#/tmview/results?page=1&pageSize=30&criteria=C&offices=AR&territories=AR&basicSearch=universo&fNiceClass=35
UNIVERSO DOLL,27/09/2018,35,Finalizada,3746197,"BALLESTER CECILIA ROMINA 100,00%",tmview-universo-ar-35-p1-2026-09-21.json,https://www.tmdn.org/tmview/#/tmview/results?page=1&pageSize=30&criteria=C&offices=AR&territories=AR&basicSearch=universo&fNiceClass=35
UNIVERSO GAMER,27/02/2018,35,Registrada,3687230,"ENTERTAINMENT DEPOT S.A. 100,00%",tmview-universo-ar-35-p1-2026-09-21.json,https://www.tmdn.org/tmview/#/tmview/results?page=1&pageSize=30&criteria=C&offices=AR&territories=AR&basicSearch=universo&fNiceClass=35
UNIVERSO TARIS,09/12/2002,35,Vencida,2402719,"LUIS, MIRTA MABEL 100,00%",tmview-universo-ar-35-p2-2026-09-21.json,https://www.tmdn.org/tmview/#/tmview/results?page=2&pageSize=30&criteria=C&offices=AR&territories=AR&basicSearch=universo&fNiceClass=35
UNIVERSO NAZUL,07/09/2021,35,Registrada,4050109,"CRIACO, MARIANA ALEJANDRA 50,00%, YAWORSKI, GABRIEL ANDRÉS 50,00%",tmview-universo-ar-35-p2-2026-09-21.json,https://www.tmdn.org/tmview/#/tmview/results?page=2&pageSize=30&criteria=C&offices=AR&territories=AR&basicSearch=universo&fNiceClass=35
UNIVERSO SOLAR,22/03/2024,35,Registrada,4344247,"VALERIA ANDREA BORTOLUSSI 100,00%",tmview-universo-ar-35-p2-2026-09-21.json,https://www.tmdn.org/tmview/#/tmview/results?page=2&pageSize=30&criteria=C&offices=AR&territories=AR&basicSearch=universo&fNiceClass=35
UNIVERSO GLEE!,20/12/2017,35,Registrada,3670911,"COSARINSKY FERNANDO JOSE 100,00%",tmview-universo-ar-35-p2-2026-09-21.json,https://www.tmdn.org/tmview/#/tmview/results?page=2&pageSize=30&criteria=C&offices=AR&territories=AR&basicSearch=universo&fNiceClass=35
UNIVERSO VIGIL,30/09/2021,35,Registrada,4058174,"VIGIL, MANUEL ALEJANDRO 100,00%",tmview-universo-ar-35-p2-2026-09-21.json,https://www.tmdn.org/tmview/#/tmview/results?page=2&pageSize=30&criteria=C&offices=AR&territories=AR&basicSearch=universo&fNiceClass=35
UNIVERSO NOSTRO,22/07/2020,35,Finalizada,3916427,"BALDINI, MARCELO MAURO 100,00%",tmview-universo-ar-35-p2-2026-09-21.json,https://www.tmdn.org/tmview/#/tmview/results?page=2&pageSize=30&criteria=C&offices=AR&territories=AR&basicSearch=universo&fNiceClass=35
UNIVERSO NOSTRO,23/07/2020,35,Registrada,3917000,"BALDINI, MARCELO MAURO 50,00%, LOPEZ MAÑE, SOFIA 50,00%",tmview-universo-ar-35-p2-2026-09-21.json,https://www.tmdn.org/tmview/#/tmview/results?page=2&pageSize=30&criteria=C&offices=AR&territories=AR&basicSearch=universo&fNiceClass=35
UNIVERSO VEGANO,04/01/2019,35,Finalizada,3770237,"MUGNOLO, CLAUDIO ADOLFO 100,00%",tmview-universo-ar-35-p2-2026-09-21.json,https://www.tmdn.org/tmview/#/tmview/results?page=2&pageSize=30&criteria=C&offices=AR&territories=AR&basicSearch=universo&fNiceClass=35
UNIVERSO URBANO,13/12/2012,35,Registrada,3214911,"ORDÓÑEZ, RICARDO ENRIQUE 50,00%, FONTIJNE, JACQUELINE CLASINE CONSTANCE 50,00%",tmview-universo-ar-35-p2-2026-09-21.json,https://www.tmdn.org/tmview/#/tmview/results?page=2&pageSize=30&criteria=C&offices=AR&territories=AR&basicSearch=universo&fNiceClass=35
UNIVERSO LACTEO,11/08/2016,35,Registrada,3530667,"OILLATAGUERRE, JAVIER 50,00%, BUCZGNER, ANDRES 50,00%",tmview-universo-ar-35-p2-2026-09-21.json,https://www.tmdn.org/tmview/#/tmview/results?page=2&pageSize=30&criteria=C&offices=AR&territories=AR&basicSearch=universo&fNiceClass=35
UNIVERSO LACTEO,01/04/2005,35,Vencida,2580563,"BUCZGNER, ANDRES 50,00%, OILLATAGUERRE, JAVIER 50,00%",tmview-universo-ar-35-p2-2026-09-21.json,https://www.tmdn.org/tmview/#/tmview/results?page=2&pageSize=30&criteria=C&offices=AR&territories=AR&basicSearch=universo&fNiceClass=35
UNIVERSO LIMPIO,21/07/2020,35,Registrada,3915897,"LIRIA, GUSTAVO DARÍO 100,00%",tmview-universo-ar-35-p2-2026-09-21.json,https://www.tmdn.org/tmview/#/tmview/results?page=2&pageSize=30&criteria=C&offices=AR&territories=AR&basicSearch=universo&fNiceClass=35
UNIVERSO ELIBEN,10/05/2022,35,Solicitada,4124978,"GERALDINA ELISA HAURE 50,00%, LUCIA BELEN HAURE 50,00%",tmview-universo-ar-35-p2-2026-09-21.json,https://www.tmdn.org/tmview/#/tmview/results?page=2&pageSize=30&criteria=C&offices=AR&territories=AR&basicSearch=universo&fNiceClass=35
UNIVERSO ANIMAL,15/07/2008,35,Registrada,2838825,"ORTELLS, SILVIA EMMA 100,00%",tmview-universo-ar-35-p2-2026-09-21.json,https://www.tmdn.org/tmview/#/tmview/results?page=2&pageSize=30&criteria=C&offices=AR&territories=AR&basicSearch=universo&fNiceClass=35
UNIVERSO TATTOO,30/04/2026,35,Registrada,4706245,"RAUL HERNÁN GAGO 100,00%",tmview-universo-ar-35-p2-2026-09-21.json,https://www.tmdn.org/tmview/#/tmview/results?page=2&pageSize=30&criteria=C&offices=AR&territories=AR&basicSearch=universo&fNiceClass=35
UNIVERSO MUEBLE,12/01/2018,35,Finalizada,3676619,"MERLO PETRONA 100,00%",tmview-universo-ar-35-p2-2026-09-21.json,https://www.tmdn.org/tmview/#/tmview/results?page=2&pageSize=30&criteria=C&offices=AR&territories=AR&basicSearch=universo&fNiceClass=35
UNIVERSO MUEBLE,22/12/2017,35,Finalizada,3672012,"MERLO PETRONA 100,00%",tmview-universo-ar-35-p2-2026-09-21.json,https://www.tmdn.org/tmview/#/tmview/results?page=2&pageSize=30&criteria=C&offices=AR&territories=AR&basicSearch=universo&fNiceClass=35
UNIVERSO MUEBLE,18/12/2017,35,Finalizada,3670203,"MERLO PETRONA 100,00%",tmview-universo-ar-35-p2-2026-09-21.json,https://www.tmdn.org/tmview/#/tmview/results?page=2&pageSize=30&criteria=C&offices=AR&territories=AR&basicSearch=universo&fNiceClass=35
UNIVERSO NÉCTAR,02/06/2025,35,Registrada,4517886,"BASSINO CINTIA PAOLA 50,00%, PAUTASSO FACUNDO DAVID 50,00%",tmview-universo-ar-35-p2-2026-09-21.json,https://www.tmdn.org/tmview/#/tmview/results?page=2&pageSize=30&criteria=C&offices=AR&territories=AR&basicSearch=universo&fNiceClass=35
UNIVERSO AZRAEL,08/11/2025,35,Registrada,4603570,"BUEY BERNARDO MARIANO 100,00%",tmview-universo-ar-35-p2-2026-09-21.json,https://www.tmdn.org/tmview/#/tmview/results?page=2&pageSize=30&criteria=C&offices=AR&territories=AR&basicSearch=universo&fNiceClass=35
UNIVERSO PELUDO,08/03/2022,35,Registrada,4103792,"PROYECTO E S.A.S. 100,00%",tmview-universo-ar-35-p2-2026-09-21.json,https://www.tmdn.org/tmview/#/tmview/results?page=2&pageSize=30&criteria=C&offices=AR&territories=AR&basicSearch=universo&fNiceClass=35
UNIVERSO QUMALU,05/10/2023,35,Registrada,4292605,"BAHIA AVENTURA S. A. 100,00%",tmview-universo-ar-35-p2-2026-09-21.json,https://www.tmdn.org/tmview/#/tmview/results?page=2&pageSize=30&criteria=C&offices=AR&territories=AR&basicSearch=universo&fNiceClass=35
UNIVERSO MELMAC,10/06/2026,35,Registrada,4730069,"PIERRETTI, MARIA PIA 100,00%",tmview-universo-ar-35-p2-2026-09-21.json,https://www.tmdn.org/tmview/#/tmview/results?page=2&pageSize=30&criteria=C&offices=AR&territories=AR&basicSearch=universo&fNiceClass=35
UNIVERSO TICKETS,14/06/2024,35,Registrada,4373248,"JIMENEZ DELSERI JUAN CARLOS 100,00%",tmview-universo-ar-35-p2-2026-09-21.json,https://www.tmdn.org/tmview/#/tmview/results?page=2&pageSize=30&criteria=C&offices=AR&territories=AR&basicSearch=universo&fNiceClass=35
UNIVERSO LIXIRIA,11/06/2026,35,Registrada,4730581,"MACARENA BELEN HERRERA 50,00%, DANIEL SANTIAGO RUIZ 50,00%",tmview-universo-ar-35-p2-2026-09-21.json,https://www.tmdn.org/tmview/#/tmview/results?page=2&pageSize=30&criteria=C&offices=AR&territories=AR&basicSearch=universo&fNiceClass=35
UNIVERSO VLINDER,29/01/2021,35,Registrada,3979582,"OCCHILUPO TERESA ROXANA 100,00%",tmview-universo-ar-35-p2-2026-09-21.json,https://www.tmdn.org/tmview/#/tmview/results?page=2&pageSize=30&criteria=C&offices=AR&territories=AR&basicSearch=universo&fNiceClass=35
UNIVERSO CELIACO,13/06/2011,35,Registrada,3094068,"SERIO, MIGUEL HERNAN 100,00%",tmview-universo-ar-35-p2-2026-09-21.json,https://www.tmdn.org/tmview/#/tmview/results?page=2&pageSize=30&criteria=C&offices=AR&territories=AR&basicSearch=universo&fNiceClass=35
UNIVERSO LABORAL,02/06/2005,35,Vencida,2595122,"JET CONSULTING S.R.L. 100,00%",tmview-universo-ar-35-p2-2026-09-21.json,https://www.tmdn.org/tmview/#/tmview/results?page=2&pageSize=30&criteria=C&offices=AR&territories=AR&basicSearch=universo&fNiceClass=35
UNIVERSO FIESTAS,28/08/2009,35,Finalizada,2940318,"IMAGIIRE, JUAN PABLO 100,00%",tmview-universo-ar-35-p2-2026-09-21.json,https://www.tmdn.org/tmview/#/tmview/results?page=2&pageSize=30&criteria=C&offices=AR&territories=AR&basicSearch=universo&fNiceClass=35
UNIVERSO VIRTUAL,07/05/2001,35,Finalizada,2337540,"COSTO, HERNAN ALEJANDRO 100,00%",tmview-universo-ar-35-p2-2026-09-21.json,https://www.tmdn.org/tmview/#/tmview/results?page=2&pageSize=30&criteria=C&offices=AR&territories=AR&basicSearch=universo&fNiceClass=35
UNIVERSO MIDTOWN,07/03/2026,35,Registrada,4666303,"MARTÍNEZ MARIANO JAVIER 100,00%",tmview-universo-ar-35-p3-2026-09-21.json,https://www.tmdn.org/tmview/#/tmview/results?page=3&pageSize=30&criteria=C&offices=AR&territories=AR&basicSearch=universo&fNiceClass=35
UNIVERSO TUNNING,01/07/2024,35,Registrada,4378186,"MATÍAS SIMÓN 100,00%",tmview-universo-ar-35-p3-2026-09-21.json,https://www.tmdn.org/tmview/#/tmview/results?page=3&pageSize=30&criteria=C&offices=AR&territories=AR&basicSearch=universo&fNiceClass=35
UNIVERSO RENAULT,03/09/2001,35,Vencida,2351546,"RENAULT S.A.S. 100,00%",tmview-universo-ar-35-p3-2026-09-21.json,https://www.tmdn.org/tmview/#/tmview/results?page=3&pageSize=30&criteria=C&offices=AR&territories=AR&basicSearch=universo&fNiceClass=35
UNIVERSO MASCOTA,17/04/2019,35,Registrada,3794260,"RAMASCO PADILLA, NICOLAS ALBERTO 100,00%",tmview-universo-ar-35-p3-2026-09-21.json,https://www.tmdn.org/tmview/#/tmview/results?page=3&pageSize=30&criteria=C&offices=AR&territories=AR&basicSearch=universo&fNiceClass=35
UNIVERSO ROMANCE,10/09/2008,35,Registrada,2855587,"IVNISKY, MARINA 50,00%, PLANAS, LILIANA ALEJANDRA 50,00%",tmview-universo-ar-35-p3-2026-09-21.json,https://www.tmdn.org/tmview/#/tmview/results?page=3&pageSize=30&criteria=C&offices=AR&territories=AR&basicSearch=universo&fNiceClass=35
UNIVERSO DE YUYOS,12/08/2026,35,Solicitada,4765750,"BIANCA GRASSO 100,00%",tmview-universo-ar-35-p3-2026-09-21.json,https://www.tmdn.org/tmview/#/tmview/results?page=3&pageSize=30&criteria=C&offices=AR&territories=AR&basicSearch=universo&fNiceClass=35
UNIVERSO DE LANUS,05/11/2025,35,Finalizada,4601973,"SOSA CARINA VIVIANA 100,00%",tmview-universo-ar-35-p3-2026-09-21.json,https://www.tmdn.org/tmview/#/tmview/results?page=3&pageSize=30&criteria=C&offices=AR&territories=AR&basicSearch=universo&fNiceClass=35
UNIVERSO CAFETERO,29/06/2026,35,Solicitada,4739831,"MARIA MERCEDES RAMELLA 100,00%",tmview-universo-ar-35-p3-2026-09-21.json,https://www.tmdn.org/tmview/#/tmview/results?page=3&pageSize=30&criteria=C&offices=AR&territories=AR&basicSearch=universo&fNiceClass=35
UNIVERSO PARALELO,15/01/2020,35,Registrada,3865138,"PLAN DIVINO SA. 100,00%",tmview-universo-ar-35-p3-2026-09-21.json,https://www.tmdn.org/tmview/#/tmview/results?page=3&pageSize=30&criteria=C&offices=AR&territories=AR&basicSearch=universo&fNiceClass=35
UNIVERSO BEBE.COM,08/03/2000,35,Finalizada,2272600,"CARRERA, JAVIER 50,00%, GUEIKIAN, CESAR JOSE 50,00%",tmview-universo-ar-35-p3-2026-09-21.json,https://www.tmdn.org/tmview/#/tmview/results?page=3&pageSize=30&criteria=C&offices=AR&territories=AR&basicSearch=universo&fNiceClass=35
UNIVERSO AVENTURA,10/10/2024,35,Registrada,4417917,"DESIMONE, DARIO 100,00%",tmview-universo-ar-35-p3-2026-09-21.json,https://www.tmdn.org/tmview/#/tmview/results?page=3&pageSize=30&criteria=C&offices=AR&territories=AR&basicSearch=universo&fNiceClass=35
UNIVERSO NET FIBRA,14/09/2020,35,Registrada,3936253,"UNIVERSO NET S.A. 100,00%",tmview-universo-ar-35-p3-2026-09-21.json,https://www.tmdn.org/tmview/#/tmview/results?page=3&pageSize=30&criteria=C&offices=AR&territories=AR&basicSearch=universo&fNiceClass=35
UNIVERSO ELECTRICO,06/11/2002,35,Vencida,2397498,"ELECTRO UNIVERSO PLIN METAL S.A. 100,00%",tmview-universo-ar-35-p3-2026-09-21.json,https://www.tmdn.org/tmview/#/tmview/results?page=3&pageSize=30&criteria=C&offices=AR&territories=AR&basicSearch=universo&fNiceClass=35
UNIVERSO ELECTRICO,14/07/2023,35,Registrada,4265029,"ELECTRO UNIVERSO - PLIN METAL S.A. 100,00%",tmview-universo-ar-35-p3-2026-09-21.json,https://www.tmdn.org/tmview/#/tmview/results?page=3&pageSize=30&criteria=C&offices=AR&territories=AR&basicSearch=universo&fNiceClass=35
UNIVERSO ELECTRICO,14/06/2013,35,Registrada,3255159,"ELECTRO UNIVERSO PLIN METAL S.A. 100,00%",tmview-universo-ar-35-p3-2026-09-21.json,https://www.tmdn.org/tmview/#/tmview/results?page=3&pageSize=30&criteria=C&offices=AR&territories=AR&basicSearch=universo&fNiceClass=35
UNIVERSO COMUN.COM,01/10/2008,35,Registrada,2862266,"GRUPO RAYUELA S.R.L. 100,00%",tmview-universo-ar-35-p3-2026-09-21.json,https://www.tmdn.org/tmview/#/tmview/results?page=3&pageSize=30&criteria=C&offices=AR&territories=AR&basicSearch=universo&fNiceClass=35
UNIVERSO SAVASTANO,01/09/2020,35,Registrada,3931205,"SAVASTANO, ROMINA INES DEL VALLE 100,00%",tmview-universo-ar-35-p3-2026-09-21.json,https://www.tmdn.org/tmview/#/tmview/results?page=3&pageSize=30&criteria=C&offices=AR&territories=AR&basicSearch=universo&fNiceClass=35
UNIVERSO DEPORTIVO,10/07/2006,35,Vencida,2684271,"MALDJIAN, ALEJANDRO 100,00%",tmview-universo-ar-35-p3-2026-09-21.json,https://www.tmdn.org/tmview/#/tmview/results?page=3&pageSize=30&criteria=C&offices=AR&territories=AR&basicSearch=universo&fNiceClass=35
UNIVERSO ABERTURAS,31/07/2008,35,Registrada,2843641,"MUÑOZ, ESTEBAN 50,00%, MOULES, SABRINA ALEJANDRA 50,00%",tmview-universo-ar-35-p3-2026-09-21.json,https://www.tmdn.org/tmview/#/tmview/results?page=3&pageSize=30&criteria=C&offices=AR&territories=AR&basicSearch=universo&fNiceClass=35
UNIVERSO DEPORTIVO,15/09/2023,35,Registrada,4286141,"UNIVERSO DEPORTIVO S.A. 100,00%",tmview-universo-ar-35-p3-2026-09-21.json,https://www.tmdn.org/tmview/#/tmview/results?page=3&pageSize=30&criteria=C&offices=AR&territories=AR&basicSearch=universo&fNiceClass=35
UNIVERSO SALUDABLE,25/04/2023,35,Registrada,4238114,"GOTELLI DANTE OSMAR 100,00%",tmview-universo-ar-35-p3-2026-09-21.json,https://www.tmdn.org/tmview/#/tmview/results?page=3&pageSize=30&criteria=C&offices=AR&territories=AR&basicSearch=universo&fNiceClass=35
UNIVERSO PUBLICIDAD,27/01/1992,35,Finalizada,1831313,"GARCIA, OSVALDO ENRIQUE 100,00%",tmview-universo-ar-35-p3-2026-09-21.json,https://www.tmdn.org/tmview/#/tmview/results?page=3&pageSize=30&criteria=C&offices=AR&territories=AR&basicSearch=universo&fNiceClass=35
UNIVERSO DESPEINADO,04/08/2026,35,Solicitada,4760222,"SANTIAGO LUIS SPERANZA 100,00%",tmview-universo-ar-35-p3-2026-09-21.json,https://www.tmdn.org/tmview/#/tmview/results?page=3&pageSize=30&criteria=C&offices=AR&territories=AR&basicSearch=universo&fNiceClass=35
UNIVERSO IMPRIMIBLE,16/01/2025,35,Registrada,4456178,"TOMAS MATIAS MIÑO CAPRI 100,00%",tmview-universo-ar-35-p3-2026-09-21.json,https://www.tmdn.org/tmview/#/tmview/results?page=3&pageSize=30&criteria=C&offices=AR&territories=AR&basicSearch=universo&fNiceClass=35
UNIVERSO DE ANIMALES,03/09/2024,35,Registrada,4402419,"ABREU MOREIRA, SANTIAGO 100,00%",tmview-universo-ar-35-p3-2026-09-21.json,https://www.tmdn.org/tmview/#/tmview/results?page=3&pageSize=30&criteria=C&offices=AR&territories=AR&basicSearch=universo&fNiceClass=35
UNIVERSO CACHORRO UC,18/12/2020,35,Registrada,3969255,"KETTY PAOLA FUENTES 100,00%",tmview-universo-ar-35-p3-2026-09-21.json,https://www.tmdn.org/tmview/#/tmview/results?page=3&pageSize=30&criteria=C&offices=AR&territories=AR&basicSearch=universo&fNiceClass=35
UNIVERSO SUBLIMACIÓN,20/08/2020,35,Registrada,3926868,"GAMARRA, MARIA JIMENA 100,00%",tmview-universo-ar-35-p3-2026-09-21.json,https://www.tmdn.org/tmview/#/tmview/results?page=3&pageSize=30&criteria=C&offices=AR&territories=AR&basicSearch=universo&fNiceClass=35
UNIVERSO GLUTEN FREE,01/06/2023,35,Registrada,4249852,"MAINERI EMILIANO GUIDO 100,00%",tmview-universo-ar-35-p3-2026-09-21.json,https://www.tmdn.org/tmview/#/tmview/results?page=3&pageSize=30&criteria=C&offices=AR&territories=AR&basicSearch=universo&fNiceClass=35
UNIVERSO JORGE ROJAS,14/05/2021,35,Solicitada,4014395,"ROJAS RAUL JORGE 100,00%",tmview-universo-ar-35-p3-2026-09-21.json,https://www.tmdn.org/tmview/#/tmview/results?page=3&pageSize=30&criteria=C&offices=AR&territories=AR&basicSearch=universo&fNiceClass=35
UNIVERSO PROFESIONAL,28/12/2006,35,Registrada,2721501,"RODRIGUEZ, ROBERTO OSCAR 100,00%",tmview-universo-ar-35-p3-2026-09-21.json,https://www.tmdn.org/tmview/#/tmview/results?page=3&pageSize=30&criteria=C&offices=AR&territories=AR&basicSearch=universo&fNiceClass=35
UNIVERSO TAXI.COM.AR,17/06/2011,35,Registrada,3095651,"VACA COLL, MARCELO EDUARDO 100,00%",tmview-universo-ar-35-p4-2026-09-21.json,https://www.tmdn.org/tmview/#/tmview/results?page=4&pageSize=30&criteria=C&offices=AR&territories=AR&basicSearch=universo&fNiceClass=35
UNIVERSO HUMAN TRAVEL,24/03/2026,35,Solicitada,4677623,"HUMAN TRAVEL SRL 100,00%",tmview-universo-ar-35-p4-2026-09-21.json,https://www.tmdn.org/tmview/#/tmview/results?page=4&pageSize=30&criteria=C&offices=AR&territories=AR&basicSearch=universo&fNiceClass=35
UNIVERSO DE CAMPEONES,22/04/2025,35,Registrada,4496958,"MASSRI RICARDO 100,00%",tmview-universo-ar-35-p4-2026-09-21.json,https://www.tmdn.org/tmview/#/tmview/results?page=4&pageSize=30&criteria=C&offices=AR&territories=AR&basicSearch=universo&fNiceClass=35
UNIVERSO AUTOMOTOR.COM,21/07/2006,35,Vencida,2690962,"BAZTARRICA, LUIS FERNANDO 33,00%, REYNOSO, GUSTAVO SERGIO 33,00%, LUPO, ALEJANDRO MARCELO 34,00%",tmview-universo-ar-35-p4-2026-09-21.json,https://www.tmdn.org/tmview/#/tmview/results?page=4&pageSize=30&criteria=C&offices=AR&territories=AR&basicSearch=universo&fNiceClass=35
UNIVERSO AUTOMOTOR.COM,22/08/2019,35,Registrada,3829350,"BAZTARRICA, LUIS FERNANDO 100,00%",tmview-universo-ar-35-p4-2026-09-21.json,https://www.tmdn.org/tmview/#/tmview/results?page=4&pageSize=30&criteria=C&offices=AR&territories=AR&basicSearch=universo&fNiceClass=35
UNIVERSO COMERCIAL.COM,27/04/2000,35,Vencida,2283726,"CANGELOSI, RUBEN LUIS 100,00%",tmview-universo-ar-35-p4-2026-09-21.json,https://www.tmdn.org/tmview/#/tmview/results?page=4&pageSize=30&criteria=C&offices=AR&territories=AR&basicSearch=universo&fNiceClass=35
UNIVERSO OPTICO MICIELI,25/10/2024,35,Registrada,4423842,"MICIELI MICAELA LUZ 100,00%",tmview-universo-ar-35-p4-2026-09-21.json,https://www.tmdn.org/tmview/#/tmview/results?page=4&pageSize=30&criteria=C&offices=AR&territories=AR&basicSearch=universo&fNiceClass=35
UNIVERSO BIT BE IN TOUCH,05/10/2004,35,Finalizada,2545767,"UNIVERSOBIT S.A. 100,00%",tmview-universo-ar-35-p4-2026-09-21.json,https://www.tmdn.org/tmview/#/tmview/results?page=4&pageSize=30&criteria=C&offices=AR&territories=AR&basicSearch=universo&fNiceClass=35
UNIVERSO PÚRPURA BY NANU,04/06/2025,35,Registrada,4519022,"MONTES DE OCA ANABELA DAIANA 100,00%",tmview-universo-ar-35-p4-2026-09-21.json,https://www.tmdn.org/tmview/#/tmview/results?page=4&pageSize=30&criteria=C&offices=AR&territories=AR&basicSearch=universo&fNiceClass=35
UNIVERSO RETRO ´80 & ´90,14/05/2025,35,Registrada,4507734,"VANESA CARLA LAGRAÑA 100,00%",tmview-universo-ar-35-p4-2026-09-21.json,https://www.tmdn.org/tmview/#/tmview/results?page=4&pageSize=30&criteria=C&offices=AR&territories=AR&basicSearch=universo&fNiceClass=35
U UNIVERSO NET,29/04/2019,35,Registrada,3797332,"UNIVERSO NET S.A. 100,00%",tmview-universo-ar-35-p4-2026-09-21.json,https://www.tmdn.org/tmview/#/tmview/results?page=4&pageSize=30&criteria=C&offices=AR&territories=AR&basicSearch=universo&fNiceClass=35
U UNIVERSO NET,29/04/2019,35,Registrada,3797335,"UNIVERSO NET S.A. 100,00%",tmview-universo-ar-35-p4-2026-09-21.json,https://www.tmdn.org/tmview/#/tmview/results?page=4&pageSize=30&criteria=C&offices=AR&territories=AR&basicSearch=universo&fNiceClass=35
SHIVA UNIVERSO,13/03/2017,35,Registrada,3586981,"CAROLINA JOFRÉ CHRISTENER 100,00%",tmview-universo-ar-35-p4-2026-09-21.json,https://www.tmdn.org/tmview/#/tmview/results?page=4&pageSize=30&criteria=C&offices=AR&territories=AR&basicSearch=universo&fNiceClass=35
UNIVERSO MAGNÈTICO 24 33 33,15/04/2024,35,Finalizada,4350749,"GARCÍA, FABIÁN ALBERTO 100,00%",tmview-universo-ar-35-p4-2026-09-21.json,https://www.tmdn.org/tmview/#/tmview/results?page=4&pageSize=30&criteria=C&offices=AR&territories=AR&basicSearch=universo&fNiceClass=35
CENTRO UNIVERSO,20/01/2022,35,Registrada,4090068,"BAEZ MYRIAN MABEL 100,00%",tmview-universo-ar-35-p4-2026-09-21.json,https://www.tmdn.org/tmview/#/tmview/results?page=4&pageSize=30&criteria=C&offices=AR&territories=AR&basicSearch=universo&fNiceClass=35
K UNIVERSO KETO,08/01/2023,35,Registrada,4207645,"AGUIRRE MARTIN ARIEL 50,00%, JUAREZ BRANDAN ROMINA 50,00%",tmview-universo-ar-35-p4-2026-09-21.json,https://www.tmdn.org/tmview/#/tmview/results?page=4&pageSize=30&criteria=C&offices=AR&territories=AR&basicSearch=universo&fNiceClass=35
TIENDA UNIVERSO,21/09/2021,35,Registrada,4055103,"DANIEL A. BASGALL S.R.L. 100,00%",tmview-universo-ar-35-p4-2026-09-21.json,https://www.tmdn.org/tmview/#/tmview/results?page=4&pageSize=30&criteria=C&offices=AR&territories=AR&basicSearch=universo&fNiceClass=35
UNIVERSO TU MUNDO MÁS SIMPLE,05/03/2020,35,Registrada,3878772,"DANIEL A. BASGALL S.R.L. 100,00%",tmview-universo-ar-35-p4-2026-09-21.json,https://www.tmdn.org/tmview/#/tmview/results?page=4&pageSize=30&criteria=C&offices=AR&territories=AR&basicSearch=universo&fNiceClass=35
UNIVERSO TU MUNDO MAS SIMPLE,10/09/2019,35,Registrada,3834466,"DANIEL A. BASGALL S.R.L. 100,00%",tmview-universo-ar-35-p4-2026-09-21.json,https://www.tmdn.org/tmview/#/tmview/results?page=4&pageSize=30&criteria=C&offices=AR&territories=AR&basicSearch=universo&fNiceClass=35
MI UNIVERSO M.U,12/05/2020,35,Registrada,3893370,"LUCIA MACARENA SEBALLOS 50,00%, MARIANO LEANDRO TEALDI 50,00%",tmview-universo-ar-35-p4-2026-09-21.json,https://www.tmdn.org/tmview/#/tmview/results?page=4&pageSize=30&criteria=C&offices=AR&territories=AR&basicSearch=universo&fNiceClass=35
TIENDAS UNIVERSO,31/07/2013,35,Registrada,3267062,"OFFICE PRINT S.A. 100,00%",tmview-universo-ar-35-p4-2026-09-21.json,https://www.tmdn.org/tmview/#/tmview/results?page=4&pageSize=30&criteria=C&offices=AR&territories=AR&basicSearch=universo&fNiceClass=35
MASCOTA UNIVERSO,16/11/2020,35,Registrada,3958363,"LOZANO SEBASTIAN 100,00%",tmview-universo-ar-35-p4-2026-09-21.json,https://www.tmdn.org/tmview/#/tmview/results?page=4&pageSize=30&criteria=C&offices=AR&territories=AR&basicSearch=universo&fNiceClass=35
U UNIVERSO TRAVEL,18/01/2025,35,Registrada,4456892,"MORAN GUSTAVO 50,00%, PASSERA FACUNDO 50,00%",tmview-universo-ar-35-p4-2026-09-21.json,https://www.tmdn.org/tmview/#/tmview/results?page=4&pageSize=30&criteria=C&offices=AR&territories=AR&basicSearch=universo&fNiceClass=35
UNIVERSO GLEE! CREANDO FUTUROS,20/12/2017,35,Registrada,3670912,"COSARINSKY FERNANDO JOSE 100,00%",tmview-universo-ar-35-p4-2026-09-21.json,https://www.tmdn.org/tmview/#/tmview/results?page=4&pageSize=30&criteria=C&offices=AR&territories=AR&basicSearch=universo&fNiceClass=35
UNIVERSO DE EMPANADAS Y PIZZAS,09/05/2018,35,Registrada,3707816,"DELTASABORES S.R.L. 100,00%",tmview-universo-ar-35-p4-2026-09-21.json,https://www.tmdn.org/tmview/#/tmview/results?page=4&pageSize=30&criteria=C&offices=AR&territories=AR&basicSearch=universo&fNiceClass=35
U UNIVERSO QUIMICO,03/08/2011,35,Registrada,3106034,"SAFADI, ALFREDO DANIEL 100,00%",tmview-universo-ar-35-p4-2026-09-21.json,https://www.tmdn.org/tmview/#/tmview/results?page=4&pageSize=30&criteria=C&offices=AR&territories=AR&basicSearch=universo&fNiceClass=35
U UNIVERSO QUIMICO,28/10/2022,35,Registrada,4183705,"SAFADI, ALFREDO DANIEL 100,00%",tmview-universo-ar-35-p4-2026-09-21.json,https://www.tmdn.org/tmview/#/tmview/results?page=4&pageSize=30&criteria=C&offices=AR&territories=AR&basicSearch=universo&fNiceClass=35
U UNIVERSO JIMENEZ,20/04/2022,35,Solicitada,4118045,"DELSERI JUANA MARGARITA DEL CARMEN 100,00%",tmview-universo-ar-35-p4-2026-09-21.json,https://www.tmdn.org/tmview/#/tmview/results?page=4&pageSize=30&criteria=C&offices=AR&territories=AR&basicSearch=universo&fNiceClass=35
OM UNIVERSO HERBAL,23/08/2021,35,Registrada,4045105,"ANASTASIO, GIOVANNA JAEL 100,00%",tmview-universo-ar-35-p4-2026-09-21.json,https://www.tmdn.org/tmview/#/tmview/results?page=4&pageSize=30&criteria=C&offices=AR&territories=AR&basicSearch=universo&fNiceClass=35
UNIVERSO MMA MIXED MARTIAL ARTS,15/08/2013,35,Registrada,3270265,"ROSALES, HECTOR LUCIANO HERNAN 100,00%",tmview-universo-ar-35-p4-2026-09-21.json,https://www.tmdn.org/tmview/#/tmview/results?page=4&pageSize=30&criteria=C&offices=AR&territories=AR&basicSearch=universo&fNiceClass=35
UNIVERSO MMA MIXED MARTIAL ARTS,10/04/2025,35,Registrada,4491857,"ROSALES, HECTOR LUCIANO HERNAN 100,00%",tmview-universo-ar-35-p5-2026-09-21.json,https://www.tmdn.org/tmview/#/tmview/results?page=5&pageSize=30&criteria=C&offices=AR&territories=AR&basicSearch=universo&fNiceClass=35
UNIVERSOS,09/05/2025,35,Registrada,4505167,"SANTIAGO LUIS MAURELIZ 50,00%, EZEQUIEL CORONEL 50,00%",tmview-universo-ar-35-p5-2026-09-21.json,https://www.tmdn.org/tmview/#/tmview/results?page=5&pageSize=30&criteria=C&offices=AR&territories=AR&basicSearch=universo&fNiceClass=35
EL UNIVERSO DEL GAS,21/05/2018,35,Registrada,3710515,"FATIGANTE, MARTIN 100,00%",tmview-universo-ar-35-p5-2026-09-21.json,https://www.tmdn.org/tmview/#/tmview/results?page=5&pageSize=30&criteria=C&offices=AR&territories=AR&basicSearch=universo&fNiceClass=35
MI UNIVERSO LUNÁTICO,09/08/2022,35,Registrada,4155975,"GONZÁLEZ, ROMINA BETSABÉ 50,00%, MASCIOTRA, EMILIANO ARIEL 50,00%",tmview-universo-ar-35-p5-2026-09-21.json,https://www.tmdn.org/tmview/#/tmview/results?page=5&pageSize=30&criteria=C&offices=AR&territories=AR&basicSearch=universo&fNiceClass=35
UNIVERSOLI,16/04/2026,35,Registrada,4695799,"ARELLANO ELBA LILIANA 100,00%",tmview-universo-ar-35-p5-2026-09-21.json,https://www.tmdn.org/tmview/#/tmview/results?page=5&pageSize=30&criteria=C&offices=AR&territories=AR&basicSearch=universo&fNiceClass=35
PINTURERIAS UNIVERSO,25/04/2014,35,Finalizada,3322998,"DANIEL A. BASGALL S.R.L. 100,00%",tmview-universo-ar-35-p5-2026-09-21.json,https://www.tmdn.org/tmview/#/tmview/results?page=5&pageSize=30&criteria=C&offices=AR&territories=AR&basicSearch=universo&fNiceClass=35
UA UNIVERSO AVENTURA,21/03/2017,35,Registrada,3589310,"DESIMONE, DARIO 100,00%",tmview-universo-ar-35-p5-2026-09-21.json,https://www.tmdn.org/tmview/#/tmview/results?page=5&pageSize=30&criteria=C&offices=AR&territories=AR&basicSearch=universo&fNiceClass=35
UA UNIVERSO AVENTURA,19/12/2005,35,Vencida,2639996,"DESIMONE, DARIO 100,00%",tmview-universo-ar-35-p5-2026-09-21.json,https://www.tmdn.org/tmview/#/tmview/results?page=5&pageSize=30&criteria=C&offices=AR&territories=AR&basicSearch=universo&fNiceClass=35
UNIVERSOBIT,18/09/2023,35,Registrada,4286507,"BUMERAN.COM ARGENTINA S.A. 100,00%",tmview-universo-ar-35-p5-2026-09-21.json,https://www.tmdn.org/tmview/#/tmview/results?page=5&pageSize=30&criteria=C&offices=AR&territories=AR&basicSearch=universo&fNiceClass=35
UNIVERSOBIT,12/05/2000,35,Vencida,2286277,"UNIVERSOBIT S.A. 100,00%",tmview-universo-ar-35-p5-2026-09-21.json,https://www.tmdn.org/tmview/#/tmview/results?page=5&pageSize=30&criteria=C&offices=AR&territories=AR&basicSearch=universo&fNiceClass=35
UNIVERSOBIT,27/01/2014,35,Registrada,3305343,"BUMERAN.COM ARGENTINA S.A. 100,00%",tmview-universo-ar-35-p5-2026-09-21.json,https://www.tmdn.org/tmview/#/tmview/results?page=5&pageSize=30&criteria=C&offices=AR&territories=AR&basicSearch=universo&fNiceClass=35
PELUNIVERSO,10/03/2026,35,Registrada,4667690,"BELLO PATRICIA ELISABET 100,00%",tmview-universo-ar-35-p5-2026-09-21.json,https://www.tmdn.org/tmview/#/tmview/results?page=5&pageSize=30&criteria=C&offices=AR&territories=AR&basicSearch=universo&fNiceClass=35
UN UNIVERSO DE FABULAS,23/09/2020,35,Registrada,3940245,"RAITERI BETIANA SOLEDAD 100,00%",tmview-universo-ar-35-p5-2026-09-21.json,https://www.tmdn.org/tmview/#/tmview/results?page=5&pageSize=30&criteria=C&offices=AR&territories=AR&basicSearch=universo&fNiceClass=35
UNIVERSO HOTELES LOGISTICA HOTELERA,05/02/2013,35,Registrada,3225172,"ROIS, ADRIAN MARTIN 100,00%",tmview-universo-ar-35-p5-2026-09-21.json,https://www.tmdn.org/tmview/#/tmview/results?page=5&pageSize=30&criteria=C&offices=AR&territories=AR&basicSearch=universo&fNiceClass=35
UNIVERSO. SENTÍ. PINTÁ. VIVÍ.,28/12/2011,35,Registrada,3137032,"BASGALL, DANIEL ALBERTO 100,00%",tmview-universo-ar-35-p5-2026-09-21.json,https://www.tmdn.org/tmview/#/tmview/results?page=5&pageSize=30&criteria=C&offices=AR&territories=AR&basicSearch=universo&fNiceClass=35
FERROTEMPLE UNIVERSO DE SOLUCIONES,19/04/2022,35,Solicitada,4117350,"TEMPLE S.R.L. 100,00%",tmview-universo-ar-35-p5-2026-09-21.json,https://www.tmdn.org/tmview/#/tmview/results?page=5&pageSize=30&criteria=C&offices=AR&territories=AR&basicSearch=universo&fNiceClass=35
ASCENDENTE DEL INTERIOR AL UNIVERSO,05/11/2021,35,Registrada,4069295,"NOC ALAN 100,00%",tmview-universo-ar-35-p5-2026-09-21.json,https://www.tmdn.org/tmview/#/tmview/results?page=5&pageSize=30&criteria=C&offices=AR&territories=AR&basicSearch=universo&fNiceClass=35
EL UNIVERSO DEL CONTROL REMOTO,23/08/2019,35,Registrada,3829683,"EL UNIVERSO DEL CONTROL REMOTO S.R.L. 100,00%",tmview-universo-ar-35-p5-2026-09-21.json,https://www.tmdn.org/tmview/#/tmview/results?page=5&pageSize=30&criteria=C&offices=AR&territories=AR&basicSearch=universo&fNiceClass=35
ELECTROUNIVERSO,14/06/2013,35,Registrada,3255154,"ELECTRO UNIVERSO PLIN METAL S.A. 100,00%",tmview-universo-ar-35-p5-2026-09-21.json,https://www.tmdn.org/tmview/#/tmview/results?page=5&pageSize=30&criteria=C&offices=AR&territories=AR&basicSearch=universo&fNiceClass=35
INCREIBLE UNIVERSO AUDIO & COMPUTACION,07/06/1996,35,Finalizada,2036259,"INCREIBLE UNIVERSO S.A. 100,00%",tmview-universo-ar-35-p5-2026-09-21.json,https://www.tmdn.org/tmview/#/tmview/results?page=5&pageSize=30&criteria=C&offices=AR&territories=AR&basicSearch=universo&fNiceClass=35
"ELECTRO UNIVERSO SOMOS ELECTRO UNIVERSO, TU ENERGIA",29/10/2021,35,Registrada,4067060,"ELECTRO UNIVERSO - PLIN METAL S.A. 100,00%",tmview-universo-ar-35-p5-2026-09-21.json,https://www.tmdn.org/tmview/#/tmview/results?page=5&pageSize=30&criteria=C&offices=AR&territories=AR&basicSearch=universo&fNiceClass=35
ASCENDENTE DEL INTERIOR AL UNIVERSO,15/11/2021,35,Registrada,4071880,"NOC ALAN 100,00%",tmview-universo-ar-35-p5-2026-09-21.json,https://www.tmdn.org/tmview/#/tmview/results?page=5&pageSize=30&criteria=C&offices=AR&territories=AR&basicSearch=universo&fNiceClass=35
BRINCANDO EL UNIVERSO DONDE CADA NIÑO ENCUENTRA SU MUNDO,11/01/2008,35,Registrada,2797345,"EASARRET, ESTEBAN 100,00%",tmview-universo-ar-35-p5-2026-09-21.json,https://www.tmdn.org/tmview/#/tmview/results?page=5&pageSize=30&criteria=C&offices=AR&territories=AR&basicSearch=universo&fNiceClass=35
MASCOTAMANIA EL UNIVERSO DE LAS MASCOTAS,04/04/2000,35,Vencida,2278679,"VILLARROYA GRACIA, PABLO ADOLFO 100,00%",tmview-universo-ar-35-p5-2026-09-21.json,https://www.tmdn.org/tmview/#/tmview/results?page=5&pageSize=30&criteria=C&offices=AR&territories=AR&basicSearch=universo&fNiceClass=35
"HN LA CUMBRE ""GROUP PLANETA CADENA HN"" UNIVERSO, TIERRA, AMERICA, AMERICA DEL SUR, ARGENTINA SAN JUAN",01/12/2009,35,Registrada,2963492,"NARANJO, VALERIA 100,00%",tmview-universo-ar-35-p5-2026-09-21.json,https://www.tmdn.org/tmview/#/tmview/results?page=5&pageSize=30&criteria=C&offices=AR&territories=AR&basicSearch=universo&fNiceClass=35
UNIVERSO MOBIL ACCESORIOS PARA CELULARES,07/08/2015,35,Registrada,3432172,"CARDIN, ARIEL PATRICIO 100,00%",tmview-universo-ar-35-p5-2026-09-21.json,https://www.tmdn.org/tmview/#/tmview/results?page=5&pageSize=30&criteria=C&offices=AR&territories=AR&basicSearch=universo&fNiceClass=35
ELECTROUNIVERSO. SABEMOS MAS. DAMOS MAS,13/12/2016,35,Registrada,3566035,"ELECTRO UNIVERSO - PLIN METAL S.A. 100,00%",tmview-universo-ar-35-p5-2026-09-21.json,https://www.tmdn.org/tmview/#/tmview/results?page=5&pageSize=30&criteria=C&offices=AR&territories=AR&basicSearch=universo&fNiceClass=35
MEOWNIVERSE EL UNIVERSO PET MÁS INNOVADOR,09/09/2025,35,Registrada,4571311,"IPPOLITI JESICA PAOLA 100,00%",tmview-universo-ar-35-p5-2026-09-21.json,https://www.tmdn.org/tmview/#/tmview/results?page=5&pageSize=30&criteria=C&offices=AR&territories=AR&basicSearch=universo&fNiceClass=35
"UNIVERSO, UN MUNDO EN PASTAS FRESCAS.",18/06/2015,35,Vencida,3418671,"GUERRICO, OSCAR. 100,00%",tmview-universo-ar-35-p5-2026-09-21.json,https://www.tmdn.org/tmview/#/tmview/results?page=5&pageSize=30&criteria=C&offices=AR&territories=AR&basicSearch=universo&fNiceClass=35
EL UNIVERSO DEL CONTROL REMOTO S.R.L.,23/12/2002,35,Vencida,2404674,"EL UNIVERSO DEL CONTROL REMOTO S.R.L. 100,00%",tmview-universo-ar-35-p5-2026-09-21.json,https://www.tmdn.org/tmview/#/tmview/results?page=5&pageSize=30&criteria=C&offices=AR&territories=AR&basicSearch=universo&fNiceClass=35
NAUTIX IDEAS REDES Y WEB EXPLORANDO EL UNIVERSO DIGITAL,01/06/2021,35,Registrada,4017858,"BERNÁ, DIEGO SEBASTIÁN 100,00%",tmview-universo-ar-35-p6-2026-09-21.json,https://www.tmdn.org/tmview/#/tmview/results?page=6&pageSize=30&criteria=C&offices=AR&territories=AR&basicSearch=universo&fNiceClass=35
INDICIO CREAMOS UNIVERSOS,16/08/2023,35,Registrada,4275706,"LÓPEZ LARROSA VALENTINA 100,00%",tmview-universo-ar-35-p6-2026-09-21.json,https://www.tmdn.org/tmview/#/tmview/results?page=6&pageSize=30&criteria=C&offices=AR&territories=AR&basicSearch=universo&fNiceClass=35
UNIVERSO GASTRONOMICO INSTALACIONES COMERCIALES,10/09/2025,35,Registrada,4572182,"CAÑAL, GABRIEL DAVID 100,00%",tmview-universo-ar-35-p6-2026-09-21.json,https://www.tmdn.org/tmview/#/tmview/results?page=6&pageSize=30&criteria=C&offices=AR&territories=AR&basicSearch=universo&fNiceClass=35
PLANETA TIERRA - UNIVERSO ONG ¿QUE VAMOS A HACER POR NUESTRO PLANETA?,10/02/2010,35,Finalizada,2978060,"BRIL, ROSSANA FLAVIA 100,00%",tmview-universo-ar-35-p6-2026-09-21.json,https://www.tmdn.org/tmview/#/tmview/results?page=6&pageSize=30&criteria=C&offices=AR&territories=AR&basicSearch=universo&fNiceClass=35
MYSTIC SOUL - UNIVERSO DE AROMAS,25/10/2023,35,Registrada,4298292,"IGNACIO JAVIER LOVISOLO 100,00%",tmview-universo-ar-35-p6-2026-09-21.json,https://www.tmdn.org/tmview/#/tmview/results?page=6&pageSize=30&criteria=C&offices=AR&territories=AR&basicSearch=universo&fNiceClass=35
D DECRETADO EN SINTONIA CON TU UNIVERSO,05/01/2026,35,Registrada,4631699,"CESINI SILVIO GERMAN 100,00%",tmview-universo-ar-35-p6-2026-09-21.json,https://www.tmdn.org/tmview/#/tmview/results?page=6&pageSize=30&criteria=C&offices=AR&territories=AR&basicSearch=universo&fNiceClass=35
SIEMBRA UN UNIVERSO INFANTIL,30/12/2024,35,Registrada,4450111,"GOR, MARÍA CAROLINA 50,00%, SAVID, MARÍA GUADALUPE 50,00%",tmview-universo-ar-35-p6-2026-09-21.json,https://www.tmdn.org/tmview/#/tmview/results?page=6&pageSize=30&criteria=C&offices=AR&territories=AR&basicSearch=universo&fNiceClass=35
REFLEJA TU AMOR AL UNIVERSO,02/06/2014,35,Registrada,3330439,"PAROLIN, MARCELA ALEJANDRA 100,00%",tmview-universo-ar-35-p6-2026-09-21.json,https://www.tmdn.org/tmview/#/tmview/results?page=6&pageSize=30&criteria=C&offices=AR&territories=AR&basicSearch=universo&fNiceClass=35
UNIVERSO GASTRONOMICO INSTALACIONES COMERCIALES,13/12/2013,35,Registrada,3297657,"CAÑAL, GABRIEL DAVID 100,00%",tmview-universo-ar-35-p6-2026-09-21.json,https://www.tmdn.org/tmview/#/tmview/results?page=6&pageSize=30&criteria=C&offices=AR&territories=AR&basicSearch=universo&fNiceClass=35
BOOMSHELL DISTRIBUIDORA CHIC - UN UNIVERSO SEXY PARA TU NEGOCIO CHIC,14/02/2014,35,Registrada,3309348,"DIANA MARIA RUIZ FAJARDO 100,00%",tmview-universo-ar-35-p6-2026-09-21.json,https://www.tmdn.org/tmview/#/tmview/results?page=6&pageSize=30&criteria=C&offices=AR&territories=AR&basicSearch=universo&fNiceClass=35
ELECTROUNIVERSO,06/11/2002,35,Vencida,2397496,"ELECTRO UNIVERSO PLIN METAL S.A. 100,00%",tmview-universo-ar-35-p6-2026-09-21.json,https://www.tmdn.org/tmview/#/tmview/results?page=6&pageSize=30&criteria=C&offices=AR&territories=AR&basicSearch=universo&fNiceClass=35
UNIVERSOLASER,20/05/2009,35,Registrada,2916360,"MANSILLA, ROBERTO LUIS 100,00%",tmview-universo-ar-35-p6-2026-09-21.json,https://www.tmdn.org/tmview/#/tmview/results?page=6&pageSize=30&criteria=C&offices=AR&territories=AR&basicSearch=universo&fNiceClass=35
WI UNIVERSO DE BIENESTAR,30/04/2024,35,Registrada,4357220,"WI AR S.R.L. 100,00%",tmview-universo-ar-35-p6-2026-09-21.json,https://www.tmdn.org/tmview/#/tmview/results?page=6&pageSize=30&criteria=C&offices=AR&territories=AR&basicSearch=universo&fNiceClass=35
UNIVERSO. SENTÍ. PINTÁ. VIVÍ.,02/11/2023,35,Registrada,4301271,"DANIEL A. BASGALL S.R.L. 100,00%",tmview-universo-ar-35-p6-2026-09-21.json,https://www.tmdn.org/tmview/#/tmview/results?page=6&pageSize=30&criteria=C&offices=AR&territories=AR&basicSearch=universo&fNiceClass=35
CARTONNIA NUESTRO UNIVERSO EN CARTON,16/03/2023,35,Registrada,4227196,"CAMUSSO MARTIN 70,00%, GIANINETTO JULIA 30,00%",tmview-universo-ar-35-p6-2026-09-21.json,https://www.tmdn.org/tmview/#/tmview/results?page=6&pageSize=30&criteria=C&offices=AR&territories=AR&basicSearch=universo&fNiceClass=35
BODEGA UNIVERSO AUSTRAL PATAGONIA,20/06/2007,35,Registrada,2752985,"VIÑA DOS ANDES S.A. 100,00%",tmview-universo-ar-35-p6-2026-09-21.json,https://www.tmdn.org/tmview/#/tmview/results?page=6&pageSize=30&criteria=C&offices=AR&territories=AR&basicSearch=universo&fNiceClass=35
TULUMINATI SOMOS UNIVERSO,03/06/2020,35,Registrada,3900289,"NADIA IRINA BENNATO ARCHILLA 100,00%",tmview-universo-ar-35-p6-2026-09-21.json,https://www.tmdn.org/tmview/#/tmview/results?page=6&pageSize=30&criteria=C&offices=AR&territories=AR&basicSearch=universo&fNiceClass=35
ELECTRO UNIVERSO INTELIGENCIA EN MATERIALES ELECTRICOS,29/10/2021,35,Registrada,4067064,"ELECTRO UNIVERSO - PLIN METAL S.A. 100,00%",tmview-universo-ar-35-p6-2026-09-21.json,https://www.tmdn.org/tmview/#/tmview/results?page=6&pageSize=30&criteria=C&offices=AR&territories=AR&basicSearch=universo&fNiceClass=35
EL UNIVERSO DEL CONTROL REMOTO S.R.L.,26/04/2023,35,Registrada,4238334,"EL UNIVERSO DEL CONTROL REMOTO S.R.L. 100,00%",tmview-universo-ar-35-p6-2026-09-21.json,https://www.tmdn.org/tmview/#/tmview/results?page=6&pageSize=30&criteria=C&offices=AR&territories=AR&basicSearch=universo&fNiceClass=35
M.S. UNIVERSO DIDACTICO,16/11/2010,35,Registrada,3046748,"FREITES BAZAN, MARTA SUSANA 100,00%",tmview-universo-ar-35-p6-2026-09-21.json,https://www.tmdn.org/tmview/#/tmview/results?page=6&pageSize=30&criteria=C&offices=AR&territories=AR&basicSearch=universo&fNiceClass=35
BOOMSHELL DISTRIBUIDORA CHIC - UN UNIVERSO SEXY PARA TU NEGOCIO CHIC,16/04/2025,35,Registrada,4494710,"DIANA MARIA RUIZ FAJARDO 100,00%",tmview-universo-ar-35-p6-2026-09-21.json,https://www.tmdn.org/tmview/#/tmview/results?page=6&pageSize=30&criteria=C&offices=AR&territories=AR&basicSearch=universo&fNiceClass=35
RED UNIVERSO PINTURERIAS LA RED MAS IMPORTANTE DE LA REGION,24/02/2025,35,Registrada,4471324,"DANIEL A. BASGALL S.R.L. 100,00%",tmview-universo-ar-35-p6-2026-09-21.json,https://www.tmdn.org/tmview/#/tmview/results?page=6&pageSize=30&criteria=C&offices=AR&territories=AR&basicSearch=universo&fNiceClass=35
ELECTROUNIVERSO. SABEMOS MAS. DAMOS MAS,07/10/2005,35,Vencida,2623671,"ELECTRO UNIVERSO - PLIN METAL S.A. 100,00%",tmview-universo-ar-35-p6-2026-09-21.json,https://www.tmdn.org/tmview/#/tmview/results?page=6&pageSize=30&criteria=C&offices=AR&territories=AR&basicSearch=universo&fNiceClass=35
RED UNIVERSO PINTURERIAS LA RED MAS IMPORTANTE DE LA REGION,05/07/2013,35,Vencida,3262253,"DANIEL A. BASGALL S.R.L. 100,00%",tmview-universo-ar-35-p6-2026-09-21.json,https://www.tmdn.org/tmview/#/tmview/results?page=6&pageSize=30&criteria=C&offices=AR&territories=AR&basicSearch=universo&fNiceClass=35
ELECTROUNIVERSO,14/07/2023,35,Registrada,4265031,"ELECTRO UNIVERSO - PLIN METAL S.A. 100,00%",tmview-universo-ar-35-p6-2026-09-21.json,https://www.tmdn.org/tmview/#/tmview/results?page=6&pageSize=30&criteria=C&offices=AR&territories=AR&basicSearch=universo&fNiceClass=35
UNIVERSO RUEDAS RUEDAS INDUSTRIALES Y PARA CARROS,17/07/2026,35,Registrada,4750661,"ANABEL RIOS 100,00%",tmview-universo-ar-35-p6-2026-09-21.json,https://www.tmdn.org/tmview/#/tmview/results?page=6&pageSize=30&criteria=C&offices=AR&territories=AR&basicSearch=universo&fNiceClass=35
UNIVERSO PORCINO EL PORTAL DEL CERDO,23/05/2019,35,Registrada,3804275,"BARREIRO, DIEGO OLDEMAR 100,00%",tmview-universo-ar-35-p6-2026-09-21.json,https://www.tmdn.org/tmview/#/tmview/results?page=6&pageSize=30&criteria=C&offices=AR&territories=AR&basicSearch=universo&fNiceClass=35
EL UNIVERSO DEL CONTROL REMOTO S.R.L.,26/07/2013,35,Registrada,3265920,"EL UNIVERSO DEL CONTROL REMOTO S.R.L. 100,00%",tmview-universo-ar-35-p6-2026-09-21.json,https://www.tmdn.org/tmview/#/tmview/results?page=6&pageSize=30&criteria=C&offices=AR&territories=AR&basicSearch=universo&fNiceClass=35
LA VALIJITA MONERA UN UNIVERSO DE ALEGRIA,13/02/2023,35,Registrada,4216102,"DELSERI JUANA MARGARITA DEL CARMEN 100,00%",tmview-universo-ar-35-p6-2026-09-21.json,https://www.tmdn.org/tmview/#/tmview/results?page=6&pageSize=30&criteria=C&offices=AR&territories=AR&basicSearch=universo&fNiceClass=35
UNIVERSO PORCINO EL PORTAL DEL CERDO,13/06/2008,35,Registrada,2831872,"BARREIRO, DIEGO OLDEMAR 100,00%",tmview-universo-ar-35-p6-2026-09-21.json,https://www.tmdn.org/tmview/#/tmview/results?page=6&pageSize=30&criteria=C&offices=AR&territories=AR&basicSearch=universo&fNiceClass=35
RED UNIVERSO PINTURERIAS,09/03/2001,35,Vencida,2330458,"BASGALL, DANIEL ALBERTO 50,00%, COLMAN, ANGEL RAMON 50,00%",tmview-universo-ar-35-p7-2026-09-21.json,https://www.tmdn.org/tmview/#/tmview/results?page=7&pageSize=30&criteria=C&offices=AR&territories=AR&basicSearch=universo&fNiceClass=35
AROMAS DEL UNIVERSO,18/07/2026,35,Registrada,4750802,"FERNANDEZ SILVERII JAEL 100,00%",tmview-universo-ar-35-p7-2026-09-21.json,https://www.tmdn.org/tmview/#/tmview/results?page=7&pageSize=30&criteria=C&offices=AR&territories=AR&basicSearch=universo&fNiceClass=35
UNIVERSO GARDEN ANGELS AROMACOLORTERAPIA,21/07/2006,35,Finalizada,2689163,"MELLBROS COMPANY S.A. 100,00%",tmview-universo-ar-35-p7-2026-09-21.json,https://www.tmdn.org/tmview/#/tmview/results?page=7&pageSize=30&criteria=C&offices=AR&territories=AR&basicSearch=universo&fNiceClass=35
SKYSON UNIVERSO CREATIVO,22/01/2007,35,Registrada,2725029,"SKYSON S.A. 100,00%",tmview-universo-ar-35-p7-2026-09-21.json,https://www.tmdn.org/tmview/#/tmview/results?page=7&pageSize=30&criteria=C&offices=AR&territories=AR&basicSearch=universo&fNiceClass=35
ELECTRO UNIVERSO ENERGIA EN EVOLUCION,29/10/2021,35,Registrada,4067062,"ELECTRO UNIVERSO - PLIN METAL S.A. 100,00%",tmview-universo-ar-35-p7-2026-09-21.json,https://www.tmdn.org/tmview/#/tmview/results?page=7&pageSize=30&criteria=C&offices=AR&territories=AR&basicSearch=universo&fNiceClass=35
UNIVERSO,22/04/1996,41,Finalizada,2030551,"ARGOS S.A. 100,00%",tmview-universo-ar-41-p1-2026-09-21.json,https://www.tmdn.org/tmview/#/tmview/results?page=1&pageSize=30&criteria=C&offices=AR&territories=AR&basicSearch=universo&fNiceClass=41
UNIVERSO,27/04/1994,41,Finalizada,1917740,"ARGOS S.A. 100,00%",tmview-universo-ar-41-p1-2026-09-21.json,https://www.tmdn.org/tmview/#/tmview/results?page=1&pageSize=30&criteria=C&offices=AR&territories=AR&basicSearch=universo&fNiceClass=41
UNIVERSO,17/07/1998,41,Vencida,2163504,"ARGOS S.A. 100,00%",tmview-universo-ar-41-p1-2026-09-21.json,https://www.tmdn.org/tmview/#/tmview/results?page=1&pageSize=30&criteria=C&offices=AR&territories=AR&basicSearch=universo&fNiceClass=41
UNIVERSO 7,27/05/2021,41,Registrada,4016318,"KENTROS GUILLERMO ENRIQUE 33,00%, KENTROS MARIANO ANDRES 34,00%, MAFFIA CLAUDIO ALBERTO 33,00%",tmview-universo-ar-41-p1-2026-09-21.json,https://www.tmdn.org/tmview/#/tmview/results?page=1&pageSize=30&criteria=C&offices=AR&territories=AR&basicSearch=universo&fNiceClass=41
UNIVERSO PRO,05/01/2005,41,Vencida,2564978,"ELECTROUNIVERSO - PLIN METAL S.A. 100,00%",tmview-universo-ar-41-p1-2026-09-21.json,https://www.tmdn.org/tmview/#/tmview/results?page=1&pageSize=30&criteria=C&offices=AR&territories=AR&basicSearch=universo&fNiceClass=41
UNIVERSO NET,15/08/2018,41,Registrada,3733912,"UNIVERSO NET S.A. 100,00%",tmview-universo-ar-41-p1-2026-09-21.json,https://www.tmdn.org/tmview/#/tmview/results?page=1&pageSize=30&criteria=C&offices=AR&territories=AR&basicSearch=universo&fNiceClass=41
UNIVERSO MIL,26/03/2026,41,Registrada,4680463,"ABRILE CECILIA CAROLINA 100,00%",tmview-universo-ar-41-p1-2026-09-21.json,https://www.tmdn.org/tmview/#/tmview/results?page=1&pageSize=30&criteria=C&offices=AR&territories=AR&basicSearch=universo&fNiceClass=41
UNIVERSO SAT,18/12/1992,41,Vencida,1865898,"IMAGEN SATELITAL S.A. 100,00%",tmview-universo-ar-41-p1-2026-09-21.json,https://www.tmdn.org/tmview/#/tmview/results?page=1&pageSize=30&criteria=C&offices=AR&territories=AR&basicSearch=universo&fNiceClass=41
UNIVERSO 4.0,15/11/2022,41,Finalizada,4190767,"RODRIGUEZ MARISA LEILA 100,00%",tmview-universo-ar-41-p1-2026-09-21.json,https://www.tmdn.org/tmview/#/tmview/results?page=1&pageSize=30&criteria=C&offices=AR&territories=AR&basicSearch=universo&fNiceClass=41
UNIVERSO POL,27/07/2012,41,Finalizada,3180580,"SACONI LERENA, CARLOS JULIAN 25,00%, TAGLIAPIETRA, JOAQUIN ANDRES LEON 25,00%, SAMPARIZI, MATEO 25,00%, COMPTE, IGNACIO 25,00%",tmview-universo-ar-41-p1-2026-09-21.json,https://www.tmdn.org/tmview/#/tmview/results?page=1&pageSize=30&criteria=C&offices=AR&territories=AR&basicSearch=universo&fNiceClass=41
UNIVERSO AYA,05/09/2026,41,Solicitada,4782014,"HERNÁNDEZ SANTIAGO 100,00%",tmview-universo-ar-41-p1-2026-09-21.json,https://www.tmdn.org/tmview/#/tmview/results?page=1&pageSize=30&criteria=C&offices=AR&territories=AR&basicSearch=universo&fNiceClass=41
UNIVERSO LUZ,03/01/2011,41,Registrada,3059298,"BALESTRIERI RAMSEYER, CARLOS GABRIEL 100,00%",tmview-universo-ar-41-p1-2026-09-21.json,https://www.tmdn.org/tmview/#/tmview/results?page=1&pageSize=30&criteria=C&offices=AR&territories=AR&basicSearch=universo&fNiceClass=41
UNIVERSO VIVO,16/12/2020,41,Registrada,3967994,"CASIRAGHI, FLORENCIA 100,00%",tmview-universo-ar-41-p1-2026-09-21.json,https://www.tmdn.org/tmview/#/tmview/results?page=1&pageSize=30&criteria=C&offices=AR&territories=AR&basicSearch=universo&fNiceClass=41
UNIVERSO VINO,29/06/2012,41,Finalizada,3174681,"MINISTERIO DE TURISMO Y CULTURA-GOBIERNO DE SAN JUAN 100,00%",tmview-universo-ar-41-p1-2026-09-21.json,https://www.tmdn.org/tmview/#/tmview/results?page=1&pageSize=30&criteria=C&offices=AR&territories=AR&basicSearch=universo&fNiceClass=41
UNIVERSO VINO,04/01/2013,41,Registrada,3220546,"MINISTERIO DE TURISMO Y CULTURA-GOBIERNO DE SAN JUAN 100,00%",tmview-universo-ar-41-p1-2026-09-21.json,https://www.tmdn.org/tmview/#/tmview/results?page=1&pageSize=30&criteria=C&offices=AR&territories=AR&basicSearch=universo&fNiceClass=41
UNIVERSO GLUP,16/12/2025,41,Registrada,4623049,"SALAS SARLI LUCIANA 100,00%",tmview-universo-ar-41-p1-2026-09-21.json,https://www.tmdn.org/tmview/#/tmview/results?page=1&pageSize=30&criteria=C&offices=AR&territories=AR&basicSearch=universo&fNiceClass=41
UNIVERSO DOLL,27/09/2018,41,Registrada,3746198,"BALLESTER CECILIA ROMINA 100,00%",tmview-universo-ar-41-p1-2026-09-21.json,https://www.tmdn.org/tmview/#/tmview/results?page=1&pageSize=30&criteria=C&offices=AR&territories=AR&basicSearch=universo&fNiceClass=41
UNIVERSO ALMA,16/12/2025,41,Registrada,4622746,"BURONE MARIA DEL CARMEN 100,00%",tmview-universo-ar-41-p1-2026-09-21.json,https://www.tmdn.org/tmview/#/tmview/results?page=1&pageSize=30&criteria=C&offices=AR&territories=AR&basicSearch=universo&fNiceClass=41
UNIVERSO MUJER,06/05/2011,41,Registrada,3084884,"PLANETA MAMA S.A. 100,00%",tmview-universo-ar-41-p1-2026-09-21.json,https://www.tmdn.org/tmview/#/tmview/results?page=1&pageSize=30&criteria=C&offices=AR&territories=AR&basicSearch=universo&fNiceClass=41
UNIVERSO GAMER,27/02/2018,41,Registrada,3687232,"ENTERTAINMENT DEPOT S.A. 100,00%",tmview-universo-ar-41-p1-2026-09-21.json,https://www.tmdn.org/tmview/#/tmview/results?page=1&pageSize=30&criteria=C&offices=AR&territories=AR&basicSearch=universo&fNiceClass=41
UNIVERSO VARUA,17/07/2026,41,Solicitada,4750166,"BENITEZ VICTORIA 100,00%",tmview-universo-ar-41-p1-2026-09-21.json,https://www.tmdn.org/tmview/#/tmview/results?page=1&pageSize=30&criteria=C&offices=AR&territories=AR&basicSearch=universo&fNiceClass=41
UNIVERSO CLARO,26/01/2011,41,Registrada,3064149,"CLARO S/A 100,00%",tmview-universo-ar-41-p1-2026-09-21.json,https://www.tmdn.org/tmview/#/tmview/results?page=1&pageSize=30&criteria=C&offices=AR&territories=AR&basicSearch=universo&fNiceClass=41
UNIVERSO ORIÓN,06/04/2021,41,Registrada,3999437,"CARIATI ROMINA PAOLA 100,00%",tmview-universo-ar-41-p1-2026-09-21.json,https://www.tmdn.org/tmview/#/tmview/results?page=1&pageSize=30&criteria=C&offices=AR&territories=AR&basicSearch=universo&fNiceClass=41
UNIVERSO SERIES,22/11/1993,41,Finalizada,1900123,"IMAGEN SATELITAL S.A. 100,00%",tmview-universo-ar-41-p1-2026-09-21.json,https://www.tmdn.org/tmview/#/tmview/results?page=1&pageSize=30&criteria=C&offices=AR&territories=AR&basicSearch=universo&fNiceClass=41
UNIVERSO DIKSHA,28/02/2024,41,Registrada,4336911,"CORDOVA MARIA AGUSTINA 100,00%",tmview-universo-ar-41-p1-2026-09-21.json,https://www.tmdn.org/tmview/#/tmview/results?page=1&pageSize=30&criteria=C&offices=AR&territories=AR&basicSearch=universo&fNiceClass=41
UNIVERSO GARDEL,10/10/2023,41,Finalizada,4294022,"HERRERA CLAUDIO EDUARDO 55,00%, BONATO CESAR ADRIAN 45,00%",tmview-universo-ar-41-p1-2026-09-21.json,https://www.tmdn.org/tmview/#/tmview/results?page=1&pageSize=30&criteria=C&offices=AR&territories=AR&basicSearch=universo&fNiceClass=41
UNIVERSO AZRAEL,08/11/2025,41,Registrada,4603571,"BUEY BERNARDO MARIANO 100,00%",tmview-universo-ar-41-p1-2026-09-21.json,https://www.tmdn.org/tmview/#/tmview/results?page=1&pageSize=30&criteria=C&offices=AR&territories=AR&basicSearch=universo&fNiceClass=41
UNIVERSO FUSION,02/12/2009,41,Finalizada,2963771,"SIDDIG, JULIETA 100,00%",tmview-universo-ar-41-p1-2026-09-21.json,https://www.tmdn.org/tmview/#/tmview/results?page=1&pageSize=30&criteria=C&offices=AR&territories=AR&basicSearch=universo&fNiceClass=41
UNIVERSO MUSICA,19/11/2016,41,Finalizada,3561140,"QUESADA NICOLAS 100,00%",tmview-universo-ar-41-p1-2026-09-21.json,https://www.tmdn.org/tmview/#/tmview/results?page=1&pageSize=30&criteria=C&offices=AR&territories=AR&basicSearch=universo&fNiceClass=41
UNIVERSO QUMALU,26/09/2023,41,Registrada,4289169,"BAHIA AVENTURA S. A. 100,00%",tmview-universo-ar-41-p1-2026-09-21.json,https://www.tmdn.org/tmview/#/tmview/results?page=1&pageSize=30&criteria=C&offices=AR&territories=AR&basicSearch=universo&fNiceClass=41
UNIVERSO SHAKTI,09/06/2021,41,Registrada,4021052,"SOL LUDMILA CEPEDA 100,00%",tmview-universo-ar-41-p2-2026-09-21.json,https://www.tmdn.org/tmview/#/tmview/results?page=2&pageSize=30&criteria=C&offices=AR&territories=AR&basicSearch=universo&fNiceClass=41
UNIVERSO MARIAN,14/06/2026,41,Registrada,4731970,"MOREL MARIANGEL 100,00%",tmview-universo-ar-41-p2-2026-09-21.json,https://www.tmdn.org/tmview/#/tmview/results?page=2&pageSize=30&criteria=C&offices=AR&territories=AR&basicSearch=universo&fNiceClass=41
UNIVERSO TICKETS,28/06/2024,41,Registrada,4377418,"JIMENEZ DELSERI JUAN CARLOS 100,00%",tmview-universo-ar-41-p2-2026-09-21.json,https://www.tmdn.org/tmview/#/tmview/results?page=2&pageSize=30&criteria=C&offices=AR&territories=AR&basicSearch=universo&fNiceClass=41
UNIVERSO LIQUIDO,27/06/2019,41,Registrada,3817873,"SUAREZ DIEGO ALEJANDRO 100,00%",tmview-universo-ar-41-p2-2026-09-21.json,https://www.tmdn.org/tmview/#/tmview/results?page=2&pageSize=30&criteria=C&offices=AR&territories=AR&basicSearch=universo&fNiceClass=41
UNIVERSO BORDADO,04/01/2022,41,Registrada,4086024,"NAYLA SOL MARCIULIONIS 100,00%",tmview-universo-ar-41-p2-2026-09-21.json,https://www.tmdn.org/tmview/#/tmview/results?page=2&pageSize=30&criteria=C&offices=AR&territories=AR&basicSearch=universo&fNiceClass=41
UNIVERSO PILATES,21/03/2012,41,Registrada,3152683,"CASINGHINO, GUILLERMO OSCAR 100,00%",tmview-universo-ar-41-p2-2026-09-21.json,https://www.tmdn.org/tmview/#/tmview/results?page=2&pageSize=30&criteria=C&offices=AR&territories=AR&basicSearch=universo&fNiceClass=41
UNIVERSO PILATES,26/06/2025,41,Registrada,4530477,"MARIANA SOLEDAD TORRECHE 100,00%",tmview-universo-ar-41-p2-2026-09-21.json,https://www.tmdn.org/tmview/#/tmview/results?page=2&pageSize=30&criteria=C&offices=AR&territories=AR&basicSearch=universo&fNiceClass=41
UNIVERSO CELESTE,30/04/2015,41,Finalizada,3406297,"URREAGA, MARIA CELESTE 100,00%",tmview-universo-ar-41-p2-2026-09-21.json,https://www.tmdn.org/tmview/#/tmview/results?page=2&pageSize=30&criteria=C&offices=AR&territories=AR&basicSearch=universo&fNiceClass=41
UNIVERSO AMISTAD,14/08/2024,41,Registrada,4394442,"VIDAL PILAR MARIA DE LOS MILAGROS 100,00%",tmview-universo-ar-41-p2-2026-09-21.json,https://www.tmdn.org/tmview/#/tmview/results?page=2&pageSize=30&criteria=C&offices=AR&territories=AR&basicSearch=universo&fNiceClass=41
UNIVERSO DIGITAL,15/08/1997,41,Finalizada,2098385,"DELGADO, DANIEL RICARDO 100,00%",tmview-universo-ar-41-p2-2026-09-21.json,https://www.tmdn.org/tmview/#/tmview/results?page=2&pageSize=30&criteria=C&offices=AR&territories=AR&basicSearch=universo&fNiceClass=41
UNIVERSO ROMANCE,10/09/2008,41,Registrada,2855588,"IVNISKY, MARINA 50,00%, PLANAS, LILIANA ALEJANDRA 50,00%",tmview-universo-ar-41-p2-2026-09-21.json,https://www.tmdn.org/tmview/#/tmview/results?page=2&pageSize=30&criteria=C&offices=AR&territories=AR&basicSearch=universo&fNiceClass=41
UNIVERSO CINE.COM,03/08/2000,41,Finalizada,2300381,"ZAMBONI, FABIAN ALBERTO 100,00%",tmview-universo-ar-41-p2-2026-09-21.json,https://www.tmdn.org/tmview/#/tmview/results?page=2&pageSize=30&criteria=C&offices=AR&territories=AR&basicSearch=universo&fNiceClass=41
UNIVERSO OLIMPICO,18/05/2017,41,Finalizada,3604650,"PRELLEZO ROSALES, MARIANO FACUNDO 40,00%, RODRIGUEZ, JONATHAN GONZALO 20,00%, BIANCO, MARCOS ADRIAN 20,00%, MAVER, SANTIAGO MANUEL 20,00%",tmview-universo-ar-41-p2-2026-09-21.json,https://www.tmdn.org/tmview/#/tmview/results?page=2&pageSize=30&criteria=C&offices=AR&territories=AR&basicSearch=universo&fNiceClass=41
UNIVERSO CAFETERO,29/06/2026,41,Registrada,4739834,"MARIA MERCEDES RAMELLA 100,00%",tmview-universo-ar-41-p2-2026-09-21.json,https://www.tmdn.org/tmview/#/tmview/results?page=2&pageSize=30&criteria=C&offices=AR&territories=AR&basicSearch=universo&fNiceClass=41
UNIVERSO PARALELO,15/01/2020,41,Registrada,3865139,"PLAN DIVINO SA. 100,00%",tmview-universo-ar-41-p2-2026-09-21.json,https://www.tmdn.org/tmview/#/tmview/results?page=2&pageSize=30&criteria=C&offices=AR&territories=AR&basicSearch=universo&fNiceClass=41
UNIVERSO PERSONAL,12/06/2009,41,Finalizada,2922105,"SIDDIG, JULIETA 100,00%",tmview-universo-ar-41-p2-2026-09-21.json,https://www.tmdn.org/tmview/#/tmview/results?page=2&pageSize=30&criteria=C&offices=AR&territories=AR&basicSearch=universo&fNiceClass=41
UNIVERSO TROPICAL,24/02/1998,41,Finalizada,2132995,"GONZALEZ, JAVIER CELESTINO 100,00%",tmview-universo-ar-41-p2-2026-09-21.json,https://www.tmdn.org/tmview/#/tmview/results?page=2&pageSize=30&criteria=C&offices=AR&territories=AR&basicSearch=universo&fNiceClass=41
UNIVERSO MASKILIM,10/09/2025,41,Registrada,4571696,"BENEDETTO SAMUEL DAVID 100,00%",tmview-universo-ar-41-p2-2026-09-21.json,https://www.tmdn.org/tmview/#/tmview/results?page=2&pageSize=30&criteria=C&offices=AR&territories=AR&basicSearch=universo&fNiceClass=41
UNIVERSO NET FIBRA,14/09/2020,41,Registrada,3936255,"UNIVERSO NET S.A. 100,00%",tmview-universo-ar-41-p2-2026-09-21.json,https://www.tmdn.org/tmview/#/tmview/results?page=2&pageSize=30&criteria=C&offices=AR&territories=AR&basicSearch=universo&fNiceClass=41
UNIVERSO CONURBANO,02/08/2022,41,Registrada,4153760,"CONTENIDOS PUBLICOS SOCIEDAD DEL ESTADO 100,00%",tmview-universo-ar-41-p2-2026-09-21.json,https://www.tmdn.org/tmview/#/tmview/results?page=2&pageSize=30&criteria=C&offices=AR&territories=AR&basicSearch=universo&fNiceClass=41
UNIVERSO MENSTRUAL,20/08/2025,41,Registrada,4559914,"MATOSO MARIA GISELA 100,00%",tmview-universo-ar-41-p2-2026-09-21.json,https://www.tmdn.org/tmview/#/tmview/results?page=2&pageSize=30&criteria=C&offices=AR&territories=AR&basicSearch=universo&fNiceClass=41
UNIVERSO COMUN.COM,01/10/2008,41,Registrada,2862268,"GRUPO RAYUELA S.R.L. 100,00%",tmview-universo-ar-41-p2-2026-09-21.json,https://www.tmdn.org/tmview/#/tmview/results?page=2&pageSize=30&criteria=C&offices=AR&territories=AR&basicSearch=universo&fNiceClass=41
UNIVERSO PUNTO CERO,27/04/2026,41,Solicitada,4701253,"JORGELINA HERRERO 100,00%",tmview-universo-ar-41-p2-2026-09-21.json,https://www.tmdn.org/tmview/#/tmview/results?page=2&pageSize=30&criteria=C&offices=AR&territories=AR&basicSearch=universo&fNiceClass=41
UNIVERSO IMAGINARIO,06/04/2018,41,Registrada,3698353,"GENERARTE ASOCIACION CIVIL 100,00%",tmview-universo-ar-41-p2-2026-09-21.json,https://www.tmdn.org/tmview/#/tmview/results?page=2&pageSize=30&criteria=C&offices=AR&territories=AR&basicSearch=universo&fNiceClass=41
UNIVERSO MIMI Y MÁS,02/09/2026,41,Solicitada,4779382,"CAROLA FANI MIGUEZ 100,00%",tmview-universo-ar-41-p2-2026-09-21.json,https://www.tmdn.org/tmview/#/tmview/results?page=2&pageSize=30&criteria=C&offices=AR&territories=AR&basicSearch=universo&fNiceClass=41
UNIVERSO PARANORMAL,07/01/2021,41,Registrada,3973419,"OLMEDO BRICIA MAGALI 100,00%",tmview-universo-ar-41-p2-2026-09-21.json,https://www.tmdn.org/tmview/#/tmview/results?page=2&pageSize=30&criteria=C&offices=AR&territories=AR&basicSearch=universo&fNiceClass=41
UNIVERSO DE LAS UÑAS,04/08/2008,41,Registrada,2844602,"PRESAS, JORGE DANIEL 50,00%, ERCOLANO, MARCELO DANIEL 50,00%",tmview-universo-ar-41-p2-2026-09-21.json,https://www.tmdn.org/tmview/#/tmview/results?page=2&pageSize=30&criteria=C&offices=AR&territories=AR&basicSearch=universo&fNiceClass=41
UNIVERSO ALESSANDRA,20/07/2011,41,Registrada,3103605,"POWWOW MEDIA PARTNERS ARGENTINA S.A. 100,00%",tmview-universo-ar-41-p2-2026-09-21.json,https://www.tmdn.org/tmview/#/tmview/results?page=2&pageSize=30&criteria=C&offices=AR&territories=AR&basicSearch=universo&fNiceClass=41
UNIVERSO EN UNA CAJA,14/11/2022,41,Registrada,4188897,"CAROLINA FERRARI 100,00%",tmview-universo-ar-41-p2-2026-09-21.json,https://www.tmdn.org/tmview/#/tmview/results?page=2&pageSize=30&criteria=C&offices=AR&territories=AR&basicSearch=universo&fNiceClass=41
UNIVERSO JORGE ROJAS,31/05/2021,41,Registrada,4019616,"ROJAS RAUL JORGE 100,00%",tmview-universo-ar-41-p2-2026-09-21.json,https://www.tmdn.org/tmview/#/tmview/results?page=2&pageSize=30&criteria=C&offices=AR&territories=AR&basicSearch=universo&fNiceClass=41
UNIVERSO FITNESS GYM,07/09/2020,41,Registrada,3933373,"VANGELI MIGUEL CLAUDIO 100,00%",tmview-universo-ar-41-p3-2026-09-21.json,https://www.tmdn.org/tmview/#/tmview/results?page=3&pageSize=30&criteria=C&offices=AR&territories=AR&basicSearch=universo&fNiceClass=41
UNIVERSO HUMAN TRAVEL,24/03/2026,41,Solicitada,4677624,"HUMAN TRAVEL SRL 100,00%",tmview-universo-ar-41-p3-2026-09-21.json,https://www.tmdn.org/tmview/#/tmview/results?page=3&pageSize=30&criteria=C&offices=AR&territories=AR&basicSearch=universo&fNiceClass=41
UNIVERSO AZUL BAILABLE,02/06/2000,41,Vencida,2289920,"AKLE, AMANCIO 100,00%",tmview-universo-ar-41-p3-2026-09-21.json,https://www.tmdn.org/tmview/#/tmview/results?page=3&pageSize=30&criteria=C&offices=AR&territories=AR&basicSearch=universo&fNiceClass=41
UNIVERSO PARA CREADORES,05/11/2025,41,Registrada,4601949,"JULIA SORIANO 25,00%, CAROLINA LUNA 25,00%, PAULA ZANOTTI 25,00%, AGUSTINA LOPEZ 25,00%",tmview-universo-ar-41-p3-2026-09-21.json,https://www.tmdn.org/tmview/#/tmview/results?page=3&pageSize=30&criteria=C&offices=AR&territories=AR&basicSearch=universo&fNiceClass=41
UNIVERSO DE APRENDIZAJES,19/09/2024,41,Registrada,4409498,"GARCÍA, MARIANO JOAQUÍN 30,00%, GARCÍA, SILVINA RAQUEL 30,00%, LARRARTE, EUGENIA 30,00%, SALVAGNO, FABRICIO 10,00%",tmview-universo-ar-41-p3-2026-09-21.json,https://www.tmdn.org/tmview/#/tmview/results?page=3&pageSize=30&criteria=C&offices=AR&territories=AR&basicSearch=universo&fNiceClass=41
UNIVERSO PÚRPURA BY NANU,04/06/2025,41,Registrada,4519019,"MONTES DE OCA ANABELA DAIANA 100,00%",tmview-universo-ar-41-p3-2026-09-21.json,https://www.tmdn.org/tmview/#/tmview/results?page=3&pageSize=30&criteria=C&offices=AR&territories=AR&basicSearch=universo&fNiceClass=41
UNIVERSO N.D PRODUCCIONES,22/02/2022,41,Registrada,4099723,"DIEGO JAVIER ENRIQUE 100,00%",tmview-universo-ar-41-p3-2026-09-21.json,https://www.tmdn.org/tmview/#/tmview/results?page=3&pageSize=30&criteria=C&offices=AR&territories=AR&basicSearch=universo&fNiceClass=41
UNIVERSO AUDAZ CONTENIDOS,19/12/2024,41,Registrada,4446477,"BESTOSO AGUSTIN EMILIANO 100,00%",tmview-universo-ar-41-p3-2026-09-21.json,https://www.tmdn.org/tmview/#/tmview/results?page=3&pageSize=30&criteria=C&offices=AR&territories=AR&basicSearch=universo&fNiceClass=41
EXPO UNIVERSO,31/05/2007,41,Registrada,2748940,"VIDAL, IRIS EMIR 100,00%",tmview-universo-ar-41-p3-2026-09-21.json,https://www.tmdn.org/tmview/#/tmview/results?page=3&pageSize=30&criteria=C&offices=AR&territories=AR&basicSearch=universo&fNiceClass=41
CLUB UNIVERSO,19/09/2008,41,Registrada,2858706,"ARGENTINA PROPERTIES LLC 100,00%",tmview-universo-ar-41-p3-2026-09-21.json,https://www.tmdn.org/tmview/#/tmview/results?page=3&pageSize=30&criteria=C&offices=AR&territories=AR&basicSearch=universo&fNiceClass=41
U UNIVERSO NET,29/04/2019,41,Registrada,3797337,"UNIVERSO NET S.A. 100,00%",tmview-universo-ar-41-p3-2026-09-21.json,https://www.tmdn.org/tmview/#/tmview/results?page=3&pageSize=30&criteria=C&offices=AR&territories=AR&basicSearch=universo&fNiceClass=41
U UNIVERSO NET,29/04/2019,41,Registrada,3797330,"UNIVERSO NET S.A. 100,00%",tmview-universo-ar-41-p3-2026-09-21.json,https://www.tmdn.org/tmview/#/tmview/results?page=3&pageSize=30&criteria=C&offices=AR&territories=AR&basicSearch=universo&fNiceClass=41
SHIVA UNIVERSO,13/03/2017,41,Registrada,3586982,"CAROLINA JOFRÉ CHRISTENER 100,00%",tmview-universo-ar-41-p3-2026-09-21.json,https://www.tmdn.org/tmview/#/tmview/results?page=3&pageSize=30&criteria=C&offices=AR&territories=AR&basicSearch=universo&fNiceClass=41
GRUPO UNIVERSO,18/01/2021,41,Registrada,3976284,"GÓMEZ ILEANA ANDREA 100,00%",tmview-universo-ar-41-p3-2026-09-21.json,https://www.tmdn.org/tmview/#/tmview/results?page=3&pageSize=30&criteria=C&offices=AR&territories=AR&basicSearch=universo&fNiceClass=41
BANDA UNIVERSO,12/05/2008,41,Registrada,2823759,"ARRIETA, RODOLFO OMAR 100,00%",tmview-universo-ar-41-p3-2026-09-21.json,https://www.tmdn.org/tmview/#/tmview/results?page=3&pageSize=30&criteria=C&offices=AR&territories=AR&basicSearch=universo&fNiceClass=41
UNIVERSO MAGNÈTICO 24 33 33,15/04/2024,41,Finalizada,4350755,"GARCÍA, FABIÁN ALBERTO 100,00%",tmview-universo-ar-41-p3-2026-09-21.json,https://www.tmdn.org/tmview/#/tmview/results?page=3&pageSize=30&criteria=C&offices=AR&territories=AR&basicSearch=universo&fNiceClass=41
MISTER UNIVERSO,14/08/1998,41,Finalizada,2169777,"BRACHETTI, CARLOS ENRIQUE 100,00%",tmview-universo-ar-41-p3-2026-09-21.json,https://www.tmdn.org/tmview/#/tmview/results?page=3&pageSize=30&criteria=C&offices=AR&territories=AR&basicSearch=universo&fNiceClass=41
CENTRO UNIVERSO,20/01/2022,41,Registrada,4090067,"BAEZ MYRIAN MABEL 100,00%",tmview-universo-ar-41-p3-2026-09-21.json,https://www.tmdn.org/tmview/#/tmview/results?page=3&pageSize=30&criteria=C&offices=AR&territories=AR&basicSearch=universo&fNiceClass=41
UNIVERSO FRIKI MANGA & COMIC,09/12/2024,41,Registrada,4443956,"FUNES CESAR DANIEL 100,00%",tmview-universo-ar-41-p3-2026-09-21.json,https://www.tmdn.org/tmview/#/tmview/results?page=3&pageSize=30&criteria=C&offices=AR&territories=AR&basicSearch=universo&fNiceClass=41
U UNIVERSO TRAVEL,18/01/2025,41,Registrada,4456890,"MORAN GUSTAVO 50,00%, PASSERA FACUNDO 50,00%",tmview-universo-ar-41-p3-2026-09-21.json,https://www.tmdn.org/tmview/#/tmview/results?page=3&pageSize=30&criteria=C&offices=AR&territories=AR&basicSearch=universo&fNiceClass=41
ENCIENDE UNIVERSO,20/04/2025,41,Registrada,4495389,"SOMMARIVA ALICIA 100,00%",tmview-universo-ar-41-p3-2026-09-21.json,https://www.tmdn.org/tmview/#/tmview/results?page=3&pageSize=30&criteria=C&offices=AR&territories=AR&basicSearch=universo&fNiceClass=41
UNIVERSO DE JUGUETES CIRQUE XXI,11/06/1999,41,Vencida,2224012,"CONCRETO PRODUCCIONES S.A. 100,00%",tmview-universo-ar-41-p3-2026-09-21.json,https://www.tmdn.org/tmview/#/tmview/results?page=3&pageSize=30&criteria=C&offices=AR&territories=AR&basicSearch=universo&fNiceClass=41
EL UNIVERSO DE HIPO,13/11/2019,41,Registrada,3851755,"MARTIN, MARCELO MARCO 100,00%",tmview-universo-ar-41-p3-2026-09-21.json,https://www.tmdn.org/tmview/#/tmview/results?page=3&pageSize=30&criteria=C&offices=AR&territories=AR&basicSearch=universo&fNiceClass=41
UNIVERSOS,10/04/2025,41,Registrada,4491588,"SANTIAGO LUIS MAURELIZ 50,00%, EZEQUIEL CORONEL 50,00%",tmview-universo-ar-41-p3-2026-09-21.json,https://www.tmdn.org/tmview/#/tmview/results?page=3&pageSize=30&criteria=C&offices=AR&territories=AR&basicSearch=universo&fNiceClass=41
EL UNIVERSO DE LWLO,07/10/2025,41,Registrada,4586096,"TORRES AGÜELLO LUCILA 65,00%, BULLA DIAZ JUAN PABLO 35,00%",tmview-universo-ar-41-p3-2026-09-21.json,https://www.tmdn.org/tmview/#/tmview/results?page=3&pageSize=30&criteria=C&offices=AR&territories=AR&basicSearch=universo&fNiceClass=41
LUA MI UNIVERSO,08/08/2026,41,Solicitada,4763570,"ASENSIO LAURA 100,00%",tmview-universo-ar-41-p3-2026-09-21.json,https://www.tmdn.org/tmview/#/tmview/results?page=3&pageSize=30&criteria=C&offices=AR&territories=AR&basicSearch=universo&fNiceClass=41
UP UNIVERSO PARALELO,28/09/2001,41,Finalizada,2354400,"DECILIO, ANIBAL ADOLFO 100,00%",tmview-universo-ar-41-p3-2026-09-21.json,https://www.tmdn.org/tmview/#/tmview/results?page=3&pageSize=30&criteria=C&offices=AR&territories=AR&basicSearch=universo&fNiceClass=41
EL UNIVERSO DE RAMÓN,01/09/2026,41,Solicitada,4778557,"OBEJERO PAZ MARÍA LUISA 100,00%",tmview-universo-ar-41-p3-2026-09-21.json,https://www.tmdn.org/tmview/#/tmview/results?page=3&pageSize=30&criteria=C&offices=AR&territories=AR&basicSearch=universo&fNiceClass=41
UNIVERSOBIT,03/02/2014,41,Registrada,3306764,"BUMERAN.COM ARGENTINA S.A. 100,00%",tmview-universo-ar-41-p3-2026-09-21.json,https://www.tmdn.org/tmview/#/tmview/results?page=3&pageSize=30&criteria=C&offices=AR&territories=AR&basicSearch=universo&fNiceClass=41
UNIVERSOICO,18/03/2025,41,Registrada,4480789,"IVAN LUCAS STOK 100,00%",tmview-universo-ar-41-p3-2026-09-21.json,https://www.tmdn.org/tmview/#/tmview/results?page=3&pageSize=30&criteria=C&offices=AR&territories=AR&basicSearch=universo&fNiceClass=41
UNIVERSOBIT,22/10/2024,41,Registrada,4421945,"BUMERAN.COM ARGENTINA S.A. 100,00%",tmview-universo-ar-41-p4-2026-09-21.json,https://www.tmdn.org/tmview/#/tmview/results?page=4&pageSize=30&criteria=C&offices=AR&territories=AR&basicSearch=universo&fNiceClass=41
COMUNIVERSO,23/08/2022,41,Registrada,4160925,"CHIOLA NATALIA 25,00%, BARTOLINI GIULIANO 25,00%, MALVASO VICENTE VICTOR 25,00%, TROTTA JUAN PABLO 25,00%",tmview-universo-ar-41-p4-2026-09-21.json,https://www.tmdn.org/tmview/#/tmview/results?page=4&pageSize=30&criteria=C&offices=AR&territories=AR&basicSearch=universo&fNiceClass=41
EL UNIVERSO DE LOURDES,01/04/2016,41,Registrada,3491536,"SANCHEZ, MARIA LOURDES 100,00%",tmview-universo-ar-41-p4-2026-09-21.json,https://www.tmdn.org/tmview/#/tmview/results?page=4&pageSize=30&criteria=C&offices=AR&territories=AR&basicSearch=universo&fNiceClass=41
RECODE UNIVERSO EN VOS,16/03/2026,41,Registrada,4672221,"CIAPPINO MARIA LINA ELIZABETH 50,00%, COSTANTIN ROBERTO OMAR 50,00%",tmview-universo-ar-41-p4-2026-09-21.json,https://www.tmdn.org/tmview/#/tmview/results?page=4&pageSize=30&criteria=C&offices=AR&territories=AR&basicSearch=universo&fNiceClass=41
US UNIVERSO SIAMBRETTA,17/11/2022,41,Finalizada,4190307,"ALVAREZ MARCHESSI CAMILO 100,00%",tmview-universo-ar-41-p4-2026-09-21.json,https://www.tmdn.org/tmview/#/tmview/results?page=4&pageSize=30&criteria=C&offices=AR&territories=AR&basicSearch=universo&fNiceClass=41
TO-MI KID'S UNIVERSO DE AVENTURAS,30/11/2006,41,Registrada,2717191,"IGLESIAS, RODRIGO DAMIAN 100,00%",tmview-universo-ar-41-p4-2026-09-21.json,https://www.tmdn.org/tmview/#/tmview/results?page=4&pageSize=30&criteria=C&offices=AR&territories=AR&basicSearch=universo&fNiceClass=41
SOLO ACOMPAÑANDONOS TU UNIVERSO DE POSIBILIDADES,19/05/2015,41,Registrada,3411189,"QUEIZAN RUBEN EUGENIO 100,00%",tmview-universo-ar-41-p4-2026-09-21.json,https://www.tmdn.org/tmview/#/tmview/results?page=4&pageSize=30&criteria=C&offices=AR&territories=AR&basicSearch=universo&fNiceClass=41
EL UNIVERSO MAGICO DE JACK,06/08/2004,41,Vencida,2533828,"FORT MUSIC S.A. 100,00%",tmview-universo-ar-41-p4-2026-09-21.json,https://www.tmdn.org/tmview/#/tmview/results?page=4&pageSize=30&criteria=C&offices=AR&territories=AR&basicSearch=universo&fNiceClass=41
LAS FUERZAS DEL UNIVERSO,16/03/2026,41,Registrada,4671925,"LAURÍA EMILCE VERÓNICA 100,00%",tmview-universo-ar-41-p4-2026-09-21.json,https://www.tmdn.org/tmview/#/tmview/results?page=4&pageSize=30&criteria=C&offices=AR&territories=AR&basicSearch=universo&fNiceClass=41
EL UNIVERSO DE LA RADIO,05/01/2001,41,Finalizada,2322649,"DIFUSORA AUSTRAL S.A. 100,00%",tmview-universo-ar-41-p4-2026-09-21.json,https://www.tmdn.org/tmview/#/tmview/results?page=4&pageSize=30&criteria=C&offices=AR&territories=AR&basicSearch=universo&fNiceClass=41
DIOS...Y LA CIENCIA EN EL UNIVERSO,31/07/2017,41,Registrada,3629398,"ZANCAI, WALTER HUGO 100,00%",tmview-universo-ar-41-p4-2026-09-21.json,https://www.tmdn.org/tmview/#/tmview/results?page=4&pageSize=30&criteria=C&offices=AR&territories=AR&basicSearch=universo&fNiceClass=41
INSTITUTO UNIVERSO DE LUZ,11/12/2003,41,Vencida,2482966,"PARODI, JOSE VICTOR 100,00%",tmview-universo-ar-41-p4-2026-09-21.json,https://www.tmdn.org/tmview/#/tmview/results?page=4&pageSize=30&criteria=C&offices=AR&territories=AR&basicSearch=universo&fNiceClass=41
EL UNIVERSO DE FABIO ZERPA,18/11/2021,41,Registrada,4073206,"FERREYRA ROSA ADRIANA 100,00%",tmview-universo-ar-41-p4-2026-09-21.json,https://www.tmdn.org/tmview/#/tmview/results?page=4&pageSize=30&criteria=C&offices=AR&territories=AR&basicSearch=universo&fNiceClass=41
WI UNIVERSO DE BIENESTAR,30/04/2024,41,Registrada,4357222,"WI AR S.R.L. 100,00%",tmview-universo-ar-41-p4-2026-09-21.json,https://www.tmdn.org/tmview/#/tmview/results?page=4&pageSize=30&criteria=C&offices=AR&territories=AR&basicSearch=universo&fNiceClass=41
MISS ARGENTINA UNIVERSO,09/05/1996,41,Finalizada,2032681,"MORON, CARLOS ADRIAN 100,00%",tmview-universo-ar-41-p4-2026-09-21.json,https://www.tmdn.org/tmview/#/tmview/results?page=4&pageSize=30&criteria=C&offices=AR&territories=AR&basicSearch=universo&fNiceClass=41
SIRIUS SISTEMA INTEGRAL DE RESIDENCIAS INTERACTIVO UNIVERSO DE SEGUIMIENTO,07/08/2026,41,Solicitada,4762533,"CHOMONT JUAN MARCOS 100,00%",tmview-universo-ar-41-p4-2026-09-21.json,https://www.tmdn.org/tmview/#/tmview/results?page=4&pageSize=30&criteria=C&offices=AR&territories=AR&basicSearch=universo&fNiceClass=41
UNA VENTANA ABIERTA AL UNIVERSO,08/05/2023,41,Registrada,4241599,"MANSILLA, JACINTO ALBERTO 100,00%",tmview-universo-ar-41-p4-2026-09-21.json,https://www.tmdn.org/tmview/#/tmview/results?page=4&pageSize=30&criteria=C&offices=AR&territories=AR&basicSearch=universo&fNiceClass=41
PASAJE UNIVERSO GROOVE ELECTROORGÁNICO,06/11/2015,41,Registrada,3455221,"FILOGRASSO, GUSTAVO ADRIAN 50,00%, ROZAS, PABLO EMANUEL 50,00%",tmview-universo-ar-41-p4-2026-09-21.json,https://www.tmdn.org/tmview/#/tmview/results?page=4&pageSize=30&criteria=C&offices=AR&territories=AR&basicSearch=universo&fNiceClass=41
LAS NOVIAS DEL UNIVERSO,10/07/2015,41,Registrada,3423986,"RUGGIERO, LEANDRO DUILIO 100,00%",tmview-universo-ar-41-p4-2026-09-21.json,https://www.tmdn.org/tmview/#/tmview/results?page=4&pageSize=30&criteria=C&offices=AR&territories=AR&basicSearch=universo&fNiceClass=41
EL CAMINO DEL COUNSELOR ESCUELA UNIVERSO ROGERIANO,15/10/2020,41,Registrada,3947522,"BARNES, JULIO LEONARDO 100,00%",tmview-universo-ar-41-p4-2026-09-21.json,https://www.tmdn.org/tmview/#/tmview/results?page=4&pageSize=30&criteria=C&offices=AR&territories=AR&basicSearch=universo&fNiceClass=41
WAIMAN Y GRUPO UNIVERSO,11/09/1986,41,Vencida,1561828,"GATELL FLEMER, ALFREDO %",tmview-universo-ar-41-p4-2026-09-21.json,https://www.tmdn.org/tmview/#/tmview/results?page=4&pageSize=30&criteria=C&offices=AR&territories=AR&basicSearch=universo&fNiceClass=41
INSTITUTO UNIVERSO ARTESANAL,12/05/1993,41,Vencida,1878692,"MERCURI, ELIDA ANITA. %",tmview-universo-ar-41-p4-2026-09-21.json,https://www.tmdn.org/tmview/#/tmview/results?page=4&pageSize=30&criteria=C&offices=AR&territories=AR&basicSearch=universo&fNiceClass=41
PLANETA TIERRA - UNIVERSO ONG ¿QUE VAMOS A HACER POR NUESTRO PLANETA?,10/02/2010,41,Finalizada,2978062,"BRIL, ROSSANA FLAVIA 100,00%",tmview-universo-ar-41-p4-2026-09-21.json,https://www.tmdn.org/tmview/#/tmview/results?page=4&pageSize=30&criteria=C&offices=AR&territories=AR&basicSearch=universo&fNiceClass=41
DESCUBRIENDO MI UNIVERSO,15/06/2026,41,Registrada,4732212,"BULIT JULIA ROCIO 100,00%",tmview-universo-ar-41-p4-2026-09-21.json,https://www.tmdn.org/tmview/#/tmview/results?page=4&pageSize=30&criteria=C&offices=AR&territories=AR&basicSearch=universo&fNiceClass=41
DESCUBRE TU UNIVERSO,31/10/2019,41,Registrada,3848308,"HUDSON, MARIA INES 100,00%",tmview-universo-ar-41-p4-2026-09-21.json,https://www.tmdn.org/tmview/#/tmview/results?page=4&pageSize=30&criteria=C&offices=AR&territories=AR&basicSearch=universo&fNiceClass=41
VESTIGIOS DEL UNIVERSO,16/07/2019,41,Registrada,3821175,"PREGUNTAS AL UNIVERSO SAS 100,00%",tmview-universo-ar-41-p4-2026-09-21.json,https://www.tmdn.org/tmview/#/tmview/results?page=4&pageSize=30&criteria=C&offices=AR&territories=AR&basicSearch=universo&fNiceClass=41
UV UNIVERSO VINCULAR PRODUCCIONES,18/07/2011,41,Registrada,3103282,"ACHILLE, CECILIA EVA 100,00%",tmview-universo-ar-41-p4-2026-09-21.json,https://www.tmdn.org/tmview/#/tmview/results?page=4&pageSize=30&criteria=C&offices=AR&territories=AR&basicSearch=universo&fNiceClass=41
UNIFEM UNIVERSO FEMENINO,30/06/2011,41,Registrada,3099231,"MAESTRO DE MURIAS, INES BEATRIZ 50,00%, LAGOS, NORMA EDITH 50,00%",tmview-universo-ar-41-p4-2026-09-21.json,https://www.tmdn.org/tmview/#/tmview/results?page=4&pageSize=30&criteria=C&offices=AR&territories=AR&basicSearch=universo&fNiceClass=41
MICRO UNIVERSOS,07/11/2025,41,Registrada,4603517,"PALLAS ABEL FERNANDO 100,00%",tmview-universo-ar-41-p4-2026-09-21.json,https://www.tmdn.org/tmview/#/tmview/results?page=4&pageSize=30&criteria=C&offices=AR&territories=AR&basicSearch=universo&fNiceClass=41
LENGUAJE AUDIOVISUAL UN UNIVERSO DE SENTIDOS,14/01/2005,41,Vencida,2566490,"TALAMONI, ANDREA CECILIA 100,00%",tmview-universo-ar-41-p4-2026-09-21.json,https://www.tmdn.org/tmview/#/tmview/results?page=4&pageSize=30&criteria=C&offices=AR&territories=AR&basicSearch=universo&fNiceClass=41
ENIGMAS DEL HOMBRE Y DEL UNIVERSO,05/09/1996,41,Vencida,2047631,"EDITORIAL AMÉRICA IBÉRICA, S.A. 100,00%",tmview-universo-ar-41-p5-2026-09-21.json,https://www.tmdn.org/tmview/#/tmview/results?page=5&pageSize=30&criteria=C&offices=AR&territories=AR&basicSearch=universo&fNiceClass=41
UNIVERSO BELLOTAS EVENTOS TEMATICOS INFANTILES,22/11/2011,41,Registrada,3130487,"CHANTADA, CINTIA 100,00%",tmview-universo-ar-41-p5-2026-09-21.json,https://www.tmdn.org/tmview/#/tmview/results?page=5&pageSize=30&criteria=C&offices=AR&territories=AR&basicSearch=universo&fNiceClass=41
VESTIGIOS: NUESTRA AVENTURA EN EL UNIVERSO,16/07/2019,41,Registrada,3821178,"PREGUNTAS AL UNIVERSO SAS 100,00%",tmview-universo-ar-41-p5-2026-09-21.json,https://www.tmdn.org/tmview/#/tmview/results?page=5&pageSize=30&criteria=C&offices=AR&territories=AR&basicSearch=universo&fNiceClass=41
UNIVERSOS DE APRENDIZAJE,06/11/2015,41,Registrada,3455329,"EDUCAR SOCIEDAD DEL ESTADO 100,00%",tmview-universo-ar-41-p5-2026-09-21.json,https://www.tmdn.org/tmview/#/tmview/results?page=5&pageSize=30&criteria=C&offices=AR&territories=AR&basicSearch=universo&fNiceClass=41
U EDICIONES UNIVERSO,01/10/1996,41,Finalizada,2050884,"UGERMAN, JUAN CARLOS 50,00%, SANCHEZ, JUAN JOSE 50,00%",tmview-universo-ar-41-p5-2026-09-21.json,https://www.tmdn.org/tmview/#/tmview/results?page=5&pageSize=30&criteria=C&offices=AR&territories=AR&basicSearch=universo&fNiceClass=41
UNA VUELTA X EL UNIVERSO,27/10/2017,41,Registrada,3655348,"CICERCHIA, LUIS ALBERTO 100,00%",tmview-universo-ar-41-p5-2026-09-21.json,https://www.tmdn.org/tmview/#/tmview/results?page=5&pageSize=30&criteria=C&offices=AR&territories=AR&basicSearch=universo&fNiceClass=41
PREMIOS C CARL UNIVERSO ROGERIANO PREMIO AL QUEHACER PROFESIONAL DESDE EL ENFOQUE CENTRADO EN LA PERSONA,13/10/2025,41,Registrada,4589025,"BARNES, JULIO LEONARDO 100,00%",tmview-universo-ar-41-p5-2026-09-21.json,https://www.tmdn.org/tmview/#/tmview/results?page=5&pageSize=30&criteria=C&offices=AR&territories=AR&basicSearch=universo&fNiceClass=41
NUEVA ESCUELA UNIVERSO IMAGEN,12/11/1993,41,Vencida,1898767,NUEVA ESCUELA S.A. %,tmview-universo-ar-41-p5-2026-09-21.json,https://www.tmdn.org/tmview/#/tmview/results?page=5&pageSize=30&criteria=C&offices=AR&territories=AR&basicSearch=universo&fNiceClass=41
HEXIAN X Y LA LLAVE DEL UNIVERSO,28/05/2019,41,Registrada,3806501,"NICOLÁS CACCIAVILLANI 100,00%",tmview-universo-ar-41-p5-2026-09-21.json,https://www.tmdn.org/tmview/#/tmview/results?page=5&pageSize=30&criteria=C&offices=AR&territories=AR&basicSearch=universo&fNiceClass=41
VUELTA POR EL UNIVERSO,24/05/2023,41,Registrada,4249315,"MAURICE BELMONTE MARCOS MAXIMILIANO 50,00%, GUSTAVO DANIEL COSTAMAGNA 50,00%",tmview-universo-ar-41-p5-2026-09-21.json,https://www.tmdn.org/tmview/#/tmview/results?page=5&pageSize=30&criteria=C&offices=AR&territories=AR&basicSearch=universo&fNiceClass=41
PAMELA RUEDA UNIVERSO CONSCIENTE,22/11/2024,41,Registrada,4435786,"RUEDA PAMELA GISELA 100,00%",tmview-universo-ar-41-p5-2026-09-21.json,https://www.tmdn.org/tmview/#/tmview/results?page=5&pageSize=30&criteria=C&offices=AR&territories=AR&basicSearch=universo&fNiceClass=41
UNIVERSO FELDEN MARCELA BRETSCHNEIDER,26/11/2025,41,Registrada,4612234,"BRETSCHNEIDER MARCELA 100,00%",tmview-universo-ar-41-p5-2026-09-21.json,https://www.tmdn.org/tmview/#/tmview/results?page=5&pageSize=30&criteria=C&offices=AR&territories=AR&basicSearch=universo&fNiceClass=41
EL BAILE + GRANDE DEL UNIVERSO LA MONA,28/03/2023,41,Registrada,4229969,"DELSERI JUANA MARGARITA DEL CARMEN 100,00%",tmview-universo-ar-41-p5-2026-09-21.json,https://www.tmdn.org/tmview/#/tmview/results?page=5&pageSize=30&criteria=C&offices=AR&territories=AR&basicSearch=universo&fNiceClass=41
MISTERIOS DEL UNIVERSO,18/05/1999,41,Finalizada,2219841,"TELEVISION FEDERAL S.A. TELEFE 100,00%",tmview-universo-ar-41-p5-2026-09-21.json,https://www.tmdn.org/tmview/#/tmview/results?page=5&pageSize=30&criteria=C&offices=AR&territories=AR&basicSearch=universo&fNiceClass=41
U UNIVERSO PRODUCCIONES,30/03/2026,41,Solicitada,4683972,"UNIVERSO PRODUCCIONES SA 100,00%",tmview-universo-ar-41-p5-2026-09-21.json,https://www.tmdn.org/tmview/#/tmview/results?page=5&pageSize=30&criteria=C&offices=AR&territories=AR&basicSearch=universo&fNiceClass=41
EL UNIVERSO MAGICO DECORACION DE EVENTOS DISEÑAMOS MOMENTOS MAGICOS,02/09/2026,41,Solicitada,4779916,"GAGGINO LORENA LAURA 100,00%",tmview-universo-ar-41-p5-2026-09-21.json,https://www.tmdn.org/tmview/#/tmview/results?page=5&pageSize=30&criteria=C&offices=AR&territories=AR&basicSearch=universo&fNiceClass=41
UNIVERSO CIENCIA FICCION HISTORIA QUE EXPLORAN LO IMPOSIBLE 1.2.3.4.5 I. II. III. IV.V,24/08/2026,41,Solicitada,4772803,"FERNANDO DANIEL EDWIN 100,00%",tmview-universo-ar-41-p5-2026-09-21.json,https://www.tmdn.org/tmview/#/tmview/results?page=5&pageSize=30&criteria=C&offices=AR&territories=AR&basicSearch=universo&fNiceClass=41
MISS UNIVERSO ARGENTINA SIGLO XXI,14/11/2008,41,Finalizada,2875401,"FALKENSTEIN, ALDO MARIO 100,00%",tmview-universo-ar-41-p5-2026-09-21.json,https://www.tmdn.org/tmview/#/tmview/results?page=5&pageSize=30&criteria=C&offices=AR&territories=AR&basicSearch=universo&fNiceClass=41
ENERGÍA Y LUZ DEL UNIVERSO,08/06/2021,41,Registrada,4020265,"SALATINO, ANABELLA 100,00%",tmview-universo-ar-41-p5-2026-09-21.json,https://www.tmdn.org/tmview/#/tmview/results?page=5&pageSize=30&criteria=C&offices=AR&territories=AR&basicSearch=universo&fNiceClass=41
3 6 9 TR3S S6EIS NUE9VE PRODUCCION3S LA LLAVE AL UNIVERSO,15/11/2023,41,Registrada,4306003,"GONZÁLEZ HUGO OMAR 100,00%",tmview-universo-ar-41-p5-2026-09-21.json,https://www.tmdn.org/tmview/#/tmview/results?page=5&pageSize=30&criteria=C&offices=AR&territories=AR&basicSearch=universo&fNiceClass=41
PEQUEÑOS UNIVERSOS,27/11/2023,41,Registrada,4310746,"EDUC.AR SOCIEDAD DEL ESTADO 100,00%",tmview-universo-ar-41-p5-2026-09-21.json,https://www.tmdn.org/tmview/#/tmview/results?page=5&pageSize=30&criteria=C&offices=AR&territories=AR&basicSearch=universo&fNiceClass=41
UNIVERSOSALUD.COM,13/03/2000,41,Finalizada,2273344,"DE LAZZARI, KARINA CLAUDIA 100,00%",tmview-universo-ar-41-p5-2026-09-21.json,https://www.tmdn.org/tmview/#/tmview/results?page=5&pageSize=30&criteria=C&offices=AR&territories=AR&basicSearch=universo&fNiceClass=41
EPISTEME UNIVERSO VIRTUAL EXPOUNIVERSIDAD,20/09/2019,41,Registrada,3837336,"DELFINO SCHILLING, AMERICO LUCIANO 100,00%",tmview-universo-ar-41-p5-2026-09-21.json,https://www.tmdn.org/tmview/#/tmview/results?page=5&pageSize=30&criteria=C&offices=AR&territories=AR&basicSearch=universo&fNiceClass=41
UNIVERSO CLIMA CURSOS Y LOCACION DE SERVICIOS,19/01/2026,41,Solicitada,4638983,"MENDEZ GUASTAVINO ALEJANDRO GABRIEL 100,00%",tmview-universo-ar-41-p5-2026-09-21.json,https://www.tmdn.org/tmview/#/tmview/results?page=5&pageSize=30&criteria=C&offices=AR&territories=AR&basicSearch=universo&fNiceClass=41
CONOZCA MAS EL UNIVERSO TE HABLA,30/11/2023,41,Finalizada,4315108,"HELIX PRODUCCIONES S.R.L. 100,00%",tmview-universo-ar-41-p5-2026-09-21.json,https://www.tmdn.org/tmview/#/tmview/results?page=5&pageSize=30&criteria=C&offices=AR&territories=AR&basicSearch=universo&fNiceClass=41
UNIVERSOS PARALELOS PRODUCTORA AUDIOVISUAL,22/10/2014,41,Finalizada,3362305,"RESPUELA, JUAN CRUZ 100,00%",tmview-universo-ar-41-p5-2026-09-21.json,https://www.tmdn.org/tmview/#/tmview/results?page=5&pageSize=30&criteria=C&offices=AR&territories=AR&basicSearch=universo&fNiceClass=41
BANGLADESH UNIVERSO BANGLADESH PRODUCCIONES,01/02/2013,41,Registrada,3224771,"ROMANO, DOMINGO 100,00%",tmview-universo-ar-41-p5-2026-09-21.json,https://www.tmdn.org/tmview/#/tmview/results?page=5&pageSize=30&criteria=C&offices=AR&territories=AR&basicSearch=universo&fNiceClass=41
ASCENDENTE DEL INTERIOR AL UNIVERSO,05/11/2021,41,Registrada,4069316,"NOC ALAN 100,00%",tmview-universo-ar-41-p5-2026-09-21.json,https://www.tmdn.org/tmview/#/tmview/results?page=5&pageSize=30&criteria=C&offices=AR&territories=AR&basicSearch=universo&fNiceClass=41
ESLAKEBAB... LA FIESTA MAS BAJONERA DEL UNIVERSO,16/04/2024,41,Registrada,4351240,"BLALE CHRISTIAN DAMIAN 100,00%",tmview-universo-ar-41-p5-2026-09-21.json,https://www.tmdn.org/tmview/#/tmview/results?page=5&pageSize=30&criteria=C&offices=AR&territories=AR&basicSearch=universo&fNiceClass=41
AMIGOS COLECCIONISTAS Y MAQUETISTAS VILLA MARÍA EL UNIVERSO EN TUS MANOS!!!!,17/06/2026,41,Registrada,4733057,"CABRERA GONZALEZ FRANCO EDDY 20,00%, BENEDETTO NICOLÁS 10,00%, OLIVERO GUSTAVO HERNAN 10,00%, RICCA JORGE LUIS 10,00%, MONESTEROLO SERGIO FRANCISCO 10,00%, LOUET ESTEBAN SEBASTIÁN 10,00%, ZEBALLOS CARLOS ADOLFO 10,00%, MIYNO NELSO ROBERTO 10,00%, GONZÁLEZ MARTÍNEZ LIDIO 10,00%",tmview-universo-ar-41-p5-2026-09-21.json,https://www.tmdn.org/tmview/#/tmview/results?page=5&pageSize=30&criteria=C&offices=AR&territories=AR&basicSearch=universo&fNiceClass=41
ESCUELA UNIVERSO SAGRADO DE LUZ M M,19/06/2026,41,Registrada,4735395,"ESPINOSA MARÍA ELENA 100,00%",tmview-universo-ar-41-p6-2026-09-21.json,https://www.tmdn.org/tmview/#/tmview/results?page=6&pageSize=30&criteria=C&offices=AR&territories=AR&basicSearch=universo&fNiceClass=41
SESIONES CON EL UNIVERSO,04/09/2026,41,Solicitada,4780894,"MARIANO ARIEL OTAMENDI 100,00%",tmview-universo-ar-41-p6-2026-09-21.json,https://www.tmdn.org/tmview/#/tmview/results?page=6&pageSize=30&criteria=C&offices=AR&territories=AR&basicSearch=universo&fNiceClass=41
UNOONU UNIVERSIDAD DEL UNIVERSO,14/11/2024,41,Registrada,4432962,"EZEQUIEL DAMIAN MONTIEL 100,00%",tmview-universo-ar-41-p6-2026-09-21.json,https://www.tmdn.org/tmview/#/tmview/results?page=6&pageSize=30&criteria=C&offices=AR&territories=AR&basicSearch=universo&fNiceClass=41
369 TRES SEIS NUEVE PRODUCCIONES LA LLAVE AL UNIVERSO,27/05/2024,41,Finalizada,4366498,"369PRODUCCIONES LA LLAVE AL UNIVERSO S.R.L. 100,00%",tmview-universo-ar-41-p6-2026-09-21.json,https://www.tmdn.org/tmview/#/tmview/results?page=6&pageSize=30&criteria=C&offices=AR&territories=AR&basicSearch=universo&fNiceClass=41
SIEMBRA UN UNIVERSO INFANTIL,30/12/2024,41,Registrada,4450112,"GOR, MARÍA CAROLINA 50,00%, SAVID, MARÍA GUADALUPE 50,00%",tmview-universo-ar-41-p6-2026-09-21.json,https://www.tmdn.org/tmview/#/tmview/results?page=6&pageSize=30&criteria=C&offices=AR&territories=AR&basicSearch=universo&fNiceClass=41
ASCENDENTE DEL INTERIOR AL UNIVERSO,09/11/2021,41,Solicitada,4070301,"NOC ALAN 100,00%",tmview-universo-ar-41-p6-2026-09-21.json,https://www.tmdn.org/tmview/#/tmview/results?page=6&pageSize=30&criteria=C&offices=AR&territories=AR&basicSearch=universo&fNiceClass=41
PEQUEÑOS UNIVERSOS,26/12/2012,41,Registrada,3217493,"EDUC.AR SOCIEDAD DEL ESTADO 100,00%",tmview-universo-ar-41-p6-2026-09-21.json,https://www.tmdn.org/tmview/#/tmview/results?page=6&pageSize=30&criteria=C&offices=AR&territories=AR&basicSearch=universo&fNiceClass=41
UNIVERSO D·MENTES ESCUELA GENERATIVA,05/08/2025,41,Registrada,4551597,"NEIRO, MARIA SOLEDAD 60,00%, ASOCIACION AMIGOS DEL HOGAR DEL NIÑO- MARIA ELENA MORA OLMEDO DE CASTELLI 10,00%, LONGAR, MARIA BELEN 30,00%",tmview-universo-ar-41-p6-2026-09-21.json,https://www.tmdn.org/tmview/#/tmview/results?page=6&pageSize=30&criteria=C&offices=AR&territories=AR&basicSearch=universo&fNiceClass=41
UNIVERSO CREATIVO IMAGINAMOS CREAMOS CONECTAMOS,29/10/2024,41,Solicitada,4425992,"LOPARDO, MARTA NOEMI 100,00%",tmview-universo-ar-41-p6-2026-09-21.json,https://www.tmdn.org/tmview/#/tmview/results?page=6&pageSize=30&criteria=C&offices=AR&territories=AR&basicSearch=universo&fNiceClass=41
UNIVERSO IA,14/08/2026,42,Solicitada,4767189,"MENDOZA JUSTO PASTOR 100,00%",tmview-universo-ar-42-2026-09-21.json,https://www.tmdn.org/tmview/#/tmview/results?page=1&pageSize=30&criteria=C&offices=AR&territories=AR&basicSearch=universo&fNiceClass=42
UNIVERSO XXI,25/01/2001,42,Finalizada,2325172,"RODRIGUEZ, ALICIA CRISTINA 100,00%",tmview-universo-ar-42-2026-09-21.json,https://www.tmdn.org/tmview/#/tmview/results?page=1&pageSize=30&criteria=C&offices=AR&territories=AR&basicSearch=universo&fNiceClass=42
UNIVERSO SAT,18/12/1992,42,Vencida,1865899,"IMAGEN SATELITAL S.A. 100,00%",tmview-universo-ar-42-2026-09-21.json,https://www.tmdn.org/tmview/#/tmview/results?page=1&pageSize=30&criteria=C&offices=AR&territories=AR&basicSearch=universo&fNiceClass=42
UNIVERSO COTO,17/02/2020,42,Registrada,3874473,"COTO C.I.C.S.A. 100,00%",tmview-universo-ar-42-2026-09-21.json,https://www.tmdn.org/tmview/#/tmview/results?page=1&pageSize=30&criteria=C&offices=AR&territories=AR&basicSearch=universo&fNiceClass=42
UNIVERSO TARIS,09/12/2002,42,Vencida,2402721,"LUIS, MIRTA MABEL 100,00%",tmview-universo-ar-42-2026-09-21.json,https://www.tmdn.org/tmview/#/tmview/results?page=1&pageSize=30&criteria=C&offices=AR&territories=AR&basicSearch=universo&fNiceClass=42
UNIVERSO CAMPO,03/07/2008,42,Registrada,2836131,"DURAND, MARIA SOLEDAD 100,00%",tmview-universo-ar-42-2026-09-21.json,https://www.tmdn.org/tmview/#/tmview/results?page=1&pageSize=30&criteria=C&offices=AR&territories=AR&basicSearch=universo&fNiceClass=42
UNIVERSO AZRAEL,08/11/2025,42,Registrada,4603572,"BUEY BERNARDO MARIANO 100,00%",tmview-universo-ar-42-2026-09-21.json,https://www.tmdn.org/tmview/#/tmview/results?page=1&pageSize=30&criteria=C&offices=AR&territories=AR&basicSearch=universo&fNiceClass=42
UNIVERSO MÉDICO,29/10/2021,42,Registrada,4066956,"BAYER AKTIENGESELLSCHAFT 100,00%",tmview-universo-ar-42-2026-09-21.json,https://www.tmdn.org/tmview/#/tmview/results?page=1&pageSize=30&criteria=C&offices=AR&territories=AR&basicSearch=universo&fNiceClass=42
UNIVERSO GRAFICO,26/01/2004,42,Vencida,2491031,"AGUERRE, MARIA ELENA 100,00%",tmview-universo-ar-42-2026-09-21.json,https://www.tmdn.org/tmview/#/tmview/results?page=1&pageSize=30&criteria=C&offices=AR&territories=AR&basicSearch=universo&fNiceClass=42
UNIVERSO RENAULT,03/09/2001,42,Vencida,2351548,"RENAULT S.A.S. 100,00%",tmview-universo-ar-42-2026-09-21.json,https://www.tmdn.org/tmview/#/tmview/results?page=1&pageSize=30&criteria=C&offices=AR&territories=AR&basicSearch=universo&fNiceClass=42
UNIVERSO BEBE.COM,08/03/2000,42,Finalizada,2272602,"CARRERA, JAVIER 50,00%, GUEIKIAN, CESAR JOSE 50,00%",tmview-universo-ar-42-2026-09-21.json,https://www.tmdn.org/tmview/#/tmview/results?page=1&pageSize=30&criteria=C&offices=AR&territories=AR&basicSearch=universo&fNiceClass=42
UNIVERSO SERVICIOS,26/01/2005,42,Vencida,2568265,"SAYAVEDRA, MARTIN GASTON 50,00%, CALZADA, PABLO HERNAN 50,00%",tmview-universo-ar-42-2026-09-21.json,https://www.tmdn.org/tmview/#/tmview/results?page=1&pageSize=30&criteria=C&offices=AR&territories=AR&basicSearch=universo&fNiceClass=42
UNIVERSO SERVICIOS,05/08/2016,42,Registrada,3529023,"SAYAVEDRA, MARTIN GASTON 50,00%, CALZADA, PABLO HERNAN 50,00%",tmview-universo-ar-42-2026-09-21.json,https://www.tmdn.org/tmview/#/tmview/results?page=1&pageSize=30&criteria=C&offices=AR&territories=AR&basicSearch=universo&fNiceClass=42
UNIVERSO DEL REGALO,10/07/1997,42,Vencida,2091241,"ATACH, JOSE GUSTAVO RODRIGO 100,00%",tmview-universo-ar-42-2026-09-21.json,https://www.tmdn.org/tmview/#/tmview/results?page=1&pageSize=30&criteria=C&offices=AR&territories=AR&basicSearch=universo&fNiceClass=42
UNIVERSOFT,21/08/1987,42,Vencida,1613344,"ARAMOUNI, ANTONIO %",tmview-universo-ar-42-2026-09-21.json,https://www.tmdn.org/tmview/#/tmview/results?page=1&pageSize=30&criteria=C&offices=AR&territories=AR&basicSearch=universo&fNiceClass=42
UNIVERSOBIT,18/09/2023,42,Registrada,4286506,"BUMERAN.COM ARGENTINA S.A. 100,00%",tmview-universo-ar-42-2026-09-21.json,https://www.tmdn.org/tmview/#/tmview/results?page=1&pageSize=30&criteria=C&offices=AR&territories=AR&basicSearch=universo&fNiceClass=42
UNIVERSOBIT,12/05/2000,42,Vencida,2286276,"UNIVERSOBIT S.A. 100,00%",tmview-universo-ar-42-2026-09-21.json,https://www.tmdn.org/tmview/#/tmview/results?page=1&pageSize=30&criteria=C&offices=AR&territories=AR&basicSearch=universo&fNiceClass=42
UNIVERSOBIT,27/01/2014,42,Registrada,3305342,"BUMERAN.COM ARGENTINA S.A. 100,00%",tmview-universo-ar-42-2026-09-21.json,https://www.tmdn.org/tmview/#/tmview/results?page=1&pageSize=30&criteria=C&offices=AR&territories=AR&basicSearch=universo&fNiceClass=42
BAMBUNIVERSO,19/05/2023,42,Registrada,4245915,"PÉREZ NATALIA LUCIANA 100,00%",tmview-universo-ar-42-2026-09-21.json,https://www.tmdn.org/tmview/#/tmview/results?page=1&pageSize=30&criteria=C&offices=AR&territories=AR&basicSearch=universo&fNiceClass=42
UNIVERSOCREATIVO,20/01/2022,42,Registrada,4090047,"BORTOLUSSI POGGI, MARCO DANIEL 100,00%",tmview-universo-ar-42-2026-09-21.json,https://www.tmdn.org/tmview/#/tmview/results?page=1&pageSize=30&criteria=C&offices=AR&territories=AR&basicSearch=universo&fNiceClass=42
"CENTRO DE ESTUDIOS DR. OVIDIO PRACILIO NUEVOS PARADIGMAS PARA EL ESTUDIO DEL UNIVERSO, LA NATURALEZA, LAS SOCIEDADES Y LOS ESTADOS BIOL",29/11/2002,42,Vencida,2401017,"PRACILIO, ANA MARIA 25,00%, FERNANDEZ DE PRACILIO, OBDULIA 25,00%, PRACILIO, ENRIQUE C. 25,00%, PRACILIO, HORACIO OSCAR 25,00%",tmview-universo-ar-42-2026-09-21.json,https://www.tmdn.org/tmview/#/tmview/results?page=1&pageSize=30&criteria=C&offices=AR&territories=AR&basicSearch=universo&fNiceClass=42
UNIVERSOCREATIVO,26/03/2010,42,Registrada,2989891,"BORTOLUSSI POGGI, MARCO DANIEL 100,00%",tmview-universo-ar-42-2026-09-21.json,https://www.tmdn.org/tmview/#/tmview/results?page=1&pageSize=30&criteria=C&offices=AR&territories=AR&basicSearch=universo&fNiceClass=42
INDICIO CREAMOS UNIVERSOS,03/08/2023,42,Registrada,4271175,"LÓPEZ LARROSA VALENTINA 100,00%",tmview-universo-ar-42-2026-09-21.json,https://www.tmdn.org/tmview/#/tmview/results?page=1&pageSize=30&criteria=C&offices=AR&territories=AR&basicSearch=universo&fNiceClass=42
PLANETA TIERRA - UNIVERSO ONG ¿QUE VAMOS A HACER POR NUESTRO PLANETA?,10/02/2010,42,Finalizada,2978061,"BRIL, ROSSANA FLAVIA 100,00%",tmview-universo-ar-42-2026-09-21.json,https://www.tmdn.org/tmview/#/tmview/results?page=1&pageSize=30&criteria=C&offices=AR&territories=AR&basicSearch=universo&fNiceClass=42
TRIO UN UNIVERSO DE SABOR,20/07/2006,42,Vencida,2688329,"PRODUCTOS TRIO S.A. 100,00%",tmview-universo-ar-42-2026-09-21.json,https://www.tmdn.org/tmview/#/tmview/results?page=1&pageSize=30&criteria=C&offices=AR&territories=AR&basicSearch=universo&fNiceClass=42
SIRIUS SISTEMA INTEGRAL DE RESIDENCIAS INTERACTIVO UNIVERSO DE SEGUIMIENTO,07/08/2026,42,Solicitada,4762535,"CHOMONT JUAN MARCOS 100,00%",tmview-universo-ar-42-2026-09-21.json,https://www.tmdn.org/tmview/#/tmview/results?page=1&pageSize=30&criteria=C&offices=AR&territories=AR&basicSearch=universo&fNiceClass=42
"MEGA DISEÑO Y MKT ONLIFE HAY UN DISEÑO, HAY UN UNIVERSO.",30/04/2026,42,Solicitada,4704806,"MENDONCA MARIO JOSÉ 100,00%",tmview-universo-ar-42-2026-09-21.json,https://www.tmdn.org/tmview/#/tmview/results?page=1&pageSize=30&criteria=C&offices=AR&territories=AR&basicSearch=universo&fNiceClass=42
UNIVERSO DEL PEINADOR EXPRESS UPE UNIVERSO DEL PEINADOR EXPRESS,04/08/2000,42,Vencida,2300637,"GOBBI, HUGO ANSELMO 100,00%",tmview-universo-ar-42-2026-09-21.json,https://www.tmdn.org/tmview/#/tmview/results?page=1&pageSize=30&criteria=C&offices=AR&territories=AR&basicSearch=universo&fNiceClass=42
ENCUENTRO NACIONAL E INTERNACIONAL DEL UNIVERSO GAY,27/04/2011,42,Finalizada,3082317,"ANGARAMO, ALEJANDRO ARIEL 50,00%, DIAZ, GUSTAVO EDUARDO 50,00%",tmview-universo-ar-42-2026-09-21.json,https://www.tmdn.org/tmview/#/tmview/results?page=1&pageSize=30&criteria=C&offices=AR&territories=AR&basicSearch=universo&fNiceClass=42
U.V.T. UNIVERSO VERDE TECNOLOGIA ... A DOMICILIO,20/02/1995,42,Finalizada,1962431,"META, FABIAN GABRIEL. %",tmview-universo-ar-42-2026-09-21.json,https://www.tmdn.org/tmview/#/tmview/results?page=1&pageSize=30&criteria=C&offices=AR&territories=AR&basicSearch=universo&fNiceClass=42
UNIVERSO VIVO,16/12/2020,44,Registrada,3967996,"CASIRAGHI, FLORENCIA 100,00%",tmview-universo-ar-44-2026-09-21.json,https://www.tmdn.org/tmview/#/tmview/results?page=1&pageSize=30&criteria=C&offices=AR&territories=AR&basicSearch=universo&fNiceClass=44
UNIVERSO WINE,02/06/2026,44,Solicitada,4723859,"FULGHERI GUSTAVO 100,00%",tmview-universo-ar-44-2026-09-21.json,https://www.tmdn.org/tmview/#/tmview/results?page=1&pageSize=30&criteria=C&offices=AR&territories=AR&basicSearch=universo&fNiceClass=44
UNIVERSO ELIBEN,10/05/2022,44,Solicitada,4124979,"GERALDINA ELISA HAURE 50,00%, LUCIA BELEN HAURE 50,00%",tmview-universo-ar-44-2026-09-21.json,https://www.tmdn.org/tmview/#/tmview/results?page=1&pageSize=30&criteria=C&offices=AR&territories=AR&basicSearch=universo&fNiceClass=44
UNIVERSO ANIMAL,15/07/2008,44,Registrada,2838826,"ORTELLS, SILVIA EMMA 100,00%",tmview-universo-ar-44-2026-09-21.json,https://www.tmdn.org/tmview/#/tmview/results?page=1&pageSize=30&criteria=C&offices=AR&territories=AR&basicSearch=universo&fNiceClass=44
UNIVERSO MÉDICO,29/10/2021,44,Registrada,4066957,"BAYER AKTIENGESELLSCHAFT 100,00%",tmview-universo-ar-44-2026-09-21.json,https://www.tmdn.org/tmview/#/tmview/results?page=1&pageSize=30&criteria=C&offices=AR&territories=AR&basicSearch=universo&fNiceClass=44
UNIVERSO MEDICO,20/10/2004,44,Vencida,2548846,"LOMBARDO, ANTONIO MARCELO 100,00%",tmview-universo-ar-44-2026-09-21.json,https://www.tmdn.org/tmview/#/tmview/results?page=1&pageSize=30&criteria=C&offices=AR&territories=AR&basicSearch=universo&fNiceClass=44
UNIVERSO ANCESTRAL,28/02/2023,44,Registrada,4223074,"ADJADJ YAMILA MARISEL 100,00%",tmview-universo-ar-44-2026-09-21.json,https://www.tmdn.org/tmview/#/tmview/results?page=1&pageSize=30&criteria=C&offices=AR&territories=AR&basicSearch=universo&fNiceClass=44
UNIVERSO SEPTIEMBRE,30/11/2020,44,Registrada,3963109,"BARRAGÁN, RODRIGO MAURICIO 100,00%",tmview-universo-ar-44-2026-09-21.json,https://www.tmdn.org/tmview/#/tmview/results?page=1&pageSize=30&criteria=C&offices=AR&territories=AR&basicSearch=universo&fNiceClass=44
UNIVERSO COSMIATRICO,29/11/2022,44,Registrada,4193889,"SINISCALCO, MELINA NOELIA 100,00%",tmview-universo-ar-44-2026-09-21.json,https://www.tmdn.org/tmview/#/tmview/results?page=1&pageSize=30&criteria=C&offices=AR&territories=AR&basicSearch=universo&fNiceClass=44
UNIVERSO ANGELICA 11,11/06/2024,44,Finalizada,4371699,"MARTINEZ LUCIA JULIA 100,00%",tmview-universo-ar-44-2026-09-21.json,https://www.tmdn.org/tmview/#/tmview/results?page=1&pageSize=30&criteria=C&offices=AR&territories=AR&basicSearch=universo&fNiceClass=44
UNIVERSO ANGELICAL 11,03/09/2024,44,Registrada,4402787,"MARTINEZ LUCIA JULIA 100,00%",tmview-universo-ar-44-2026-09-21.json,https://www.tmdn.org/tmview/#/tmview/results?page=1&pageSize=30&criteria=C&offices=AR&territories=AR&basicSearch=universo&fNiceClass=44
UE UNIVERSO EMOCIONAL,25/06/2009,44,Registrada,2925068,"MOURIN, LUCIANA 100,00%",tmview-universo-ar-44-2026-09-21.json,https://www.tmdn.org/tmview/#/tmview/results?page=1&pageSize=30&criteria=C&offices=AR&territories=AR&basicSearch=universo&fNiceClass=44
MI UNIVERSO ENERGETICO,21/01/2025,44,Registrada,4457667,"IRASTORZA MELINA 100,00%",tmview-universo-ar-44-2026-09-21.json,https://www.tmdn.org/tmview/#/tmview/results?page=1&pageSize=30&criteria=C&offices=AR&territories=AR&basicSearch=universo&fNiceClass=44
UNIVERSO DHÂRANI HOLISTICA INTEGRAL,27/03/2024,44,Registrada,4345966,"MUÑOZ RODRIGUEZ MARIA FERNANDA 100,00%",tmview-universo-ar-44-2026-09-21.json,https://www.tmdn.org/tmview/#/tmview/results?page=1&pageSize=30&criteria=C&offices=AR&territories=AR&basicSearch=universo&fNiceClass=44
AQUALIS & UNIVERSO,19/05/2005,44,Vencida,2591391,"SCHLIMOVICH, SERGIO EDUARDO 100,00%",tmview-universo-ar-44-2026-09-21.json,https://www.tmdn.org/tmview/#/tmview/results?page=1&pageSize=30&criteria=C&offices=AR&territories=AR&basicSearch=universo&fNiceClass=44
UNIVERSOS MEY,03/09/2025,44,Registrada,4567828,"BIDE PORTARRIEU KATHERINA 99,00%, DEGORGUE, MARCOS CESAR 1,00%",tmview-universo-ar-44-2026-09-21.json,https://www.tmdn.org/tmview/#/tmview/results?page=1&pageSize=30&criteria=C&offices=AR&territories=AR&basicSearch=universo&fNiceClass=44
PET SHOP UNIVERSO CANINO,21/05/2004,44,Vencida,2515985,"SCHIRRIPA, LUIS ANGEL 100,00%",tmview-universo-ar-44-2026-09-21.json,https://www.tmdn.org/tmview/#/tmview/results?page=1&pageSize=30&criteria=C&offices=AR&territories=AR&basicSearch=universo&fNiceClass=44
UNIVERSO SPA DE ISABEL AMOEDO UN ESPACIO DIFERENTE,01/11/2016,44,Registrada,3556249,"ISABEL CRISTINA AMOEDO 100,00%",tmview-universo-ar-44-2026-09-21.json,https://www.tmdn.org/tmview/#/tmview/results?page=1&pageSize=30&criteria=C&offices=AR&territories=AR&basicSearch=universo&fNiceClass=44
CODA GROUP UN UNIVERSO DE SONRISAS,24/09/2010,44,Registrada,3033486,"AVILA, EDUARDO CARLOS 100,00%",tmview-universo-ar-44-2026-09-21.json,https://www.tmdn.org/tmview/#/tmview/results?page=1&pageSize=30&criteria=C&offices=AR&territories=AR&basicSearch=universo&fNiceClass=44
PET SHOP UNIVERSO CANINO,18/01/2016,44,Registrada,3471936,"GALZERANO, ENZO GABRIEL 100,00%",tmview-universo-ar-44-2026-09-21.json,https://www.tmdn.org/tmview/#/tmview/results?page=1&pageSize=30&criteria=C&offices=AR&territories=AR&basicSearch=universo&fNiceClass=44
UNIVERSO DEL PEINADOR EXPRESS UPE UNIVERSO DEL PEINADOR EXPRESS,18/01/2012,44,Registrada,3141070,"GOBBI, HUGO ANSELMO 100,00%",tmview-universo-ar-44-2026-09-21.json,https://www.tmdn.org/tmview/#/tmview/results?page=1&pageSize=30&criteria=C&offices=AR&territories=AR&basicSearch=universo&fNiceClass=44
UNIVERSO GARDEN ANGELS AROMACOLORTERAPIA,21/07/2006,44,Vencida,2689172,"MELLBROS COMPANY S.A. 100,00%",tmview-universo-ar-44-2026-09-21.json,https://www.tmdn.org/tmview/#/tmview/results?page=1&pageSize=30&criteria=C&offices=AR&territories=AR&basicSearch=universo&fNiceClass=44
UNIVERSO DEL PEINADOR EXPRESS UPE UNIVERSO DEL PEINADOR EXPRESS,13/01/2022,44,Registrada,4088218,"GOBBI, HUGO ANSELMO 100,00%",tmview-universo-ar-44-2026-09-21.json,https://www.tmdn.org/tmview/#/tmview/results?page=1&pageSize=30&criteria=C&offices=AR&territories=AR&basicSearch=universo&fNiceClass=44
UNIVERSO INFINITO TERAPIAS HOLISTICAS,13/06/2026,44,Solicitada,4731759,"ELENA BEATRIZ NUREMBERG 100,00%",tmview-universo-ar-44-2026-09-21.json,https://www.tmdn.org/tmview/#/tmview/results?page=1&pageSize=30&criteria=C&offices=AR&territories=AR&basicSearch=universo&fNiceClass=44
UNIVERSOLASER,20/05/2009,44,Registrada,2916359,"MANSILLA, ROBERTO LUIS 100,00%",tmview-universo-ar-44-2026-09-21.json,https://www.tmdn.org/tmview/#/tmview/results?page=1&pageSize=30&criteria=C&offices=AR&territories=AR&basicSearch=universo&fNiceClass=44
ENERGÍA Y LUZ DEL UNIVERSO,08/06/2021,44,Registrada,4020266,"SALATINO, ANABELLA 100,00%",tmview-universo-ar-44-2026-09-21.json,https://www.tmdn.org/tmview/#/tmview/results?page=1&pageSize=30&criteria=C&offices=AR&territories=AR&basicSearch=universo&fNiceClass=44
WWW.UNIVERSOEMOCIONAL.COM,25/06/2009,44,Registrada,2925069,"MOURIN, LUCIANA 100,00%",tmview-universo-ar-44-2026-09-21.json,https://www.tmdn.org/tmview/#/tmview/results?page=1&pageSize=30&criteria=C&offices=AR&territories=AR&basicSearch=universo&fNiceClass=44
